// Generated by tools/make_riposte_fonts.py - do not edit by hand.
// JetBrains Mono (OFL 1.1), the Riposte brand face. See BRAND.md.
#pragma once
#include <Adafruit_GFX.h>

// RiposteMono9: generated from JetBrainsMono-Regular.ttf at 9pt @ 141dpi,
// chars 0x20-0x7E. Adafruit GFX format.
const uint8_t RiposteMono9_Bitmaps[] PROGMEM = {
  0x00, 0xD9, 0x24, 0x92, 0x40, 0x7E, 0x9C, 0xE7, 0x38, 0x80, 0x11, 0x08,
  0x8C, 0x46, 0x6F, 0xF9, 0x10, 0x88, 0xC4, 0xFF, 0xA3, 0x11, 0x08, 0x8C,
  0x40, 0x08, 0x04, 0x02, 0x07, 0xC6, 0xB2, 0x49, 0x20, 0xD0, 0x3C, 0x07,
  0x02, 0xC1, 0x2C, 0x9A, 0x59, 0xFC, 0x38, 0x08, 0x04, 0x00, 0x70, 0x7B,
  0x1B, 0x26, 0x64, 0x8C, 0xA0, 0xFC, 0x01, 0x00, 0x5E, 0x1A, 0x42, 0x4C,
  0x89, 0xB1, 0xEC, 0x3C, 0x1E, 0x07, 0x60, 0xC4, 0x18, 0x01, 0x00, 0x70,
  0x19, 0x1A, 0x36, 0xC3, 0x98, 0x31, 0x0E, 0x37, 0x63, 0xC6, 0xD5, 0x40,
  0x0C, 0xF3, 0x18, 0x43, 0x0C, 0x30, 0xC3, 0x0C, 0x30, 0x41, 0x83, 0x0E,
  0x0C, 0xC7, 0x0C, 0x31, 0x84, 0x21, 0x08, 0x42, 0x11, 0x8C, 0xDC, 0xC0,
  0x08, 0x04, 0x22, 0x3D, 0x77, 0xE0, 0xE0, 0xD8, 0x4C, 0x63, 0x00, 0x08,
  0x04, 0x02, 0x1F, 0xF0, 0x80, 0x40, 0x20, 0x10, 0x7B, 0x6C, 0xF8, 0xDF,
  0x80, 0x01, 0x03, 0x03, 0x06, 0x06, 0x04, 0x0C, 0x0C, 0x08, 0x18, 0x18,
  0x30, 0x30, 0x20, 0x60, 0x60, 0xC0, 0x3E, 0x77, 0x43, 0xC1, 0xC1, 0xC1,
  0xD9, 0xC1, 0xC1, 0xC1, 0x43, 0x77, 0x3E, 0x38, 0x78, 0xD8, 0x98, 0x18,
  0x18, 0x18, 0x18, 0x18, 0x18, 0x18, 0x18, 0xFF, 0x3E, 0x77, 0x43, 0xC1,
  0x01, 0x03, 0x06, 0x0C, 0x1C, 0x18, 0x30, 0x60, 0x7F, 0x7F, 0x03, 0x06,
  0x0C, 0x18, 0x1E, 0x03, 0x03, 0x01, 0xC1, 0xC3, 0x77, 0x3C, 0x06, 0x0C,
  0x18, 0x18, 0x30, 0x23, 0x63, 0xC3, 0xC3, 0xFF, 0x03, 0x03, 0x03, 0x7F,
  0x40, 0x40, 0x40, 0x40, 0x7E, 0x07, 0x03, 0x01, 0xC1, 0xC3, 0x77, 0x3E,
  0x0C, 0x04, 0x06, 0x06, 0x03, 0x03, 0xF1, 0x8D, 0x82, 0xC1, 0xE0, 0xF0,
  0x4E, 0xE3, 0xE0, 0xFF, 0xE0, 0xF0, 0x58, 0x60, 0x30, 0x30, 0x18, 0x08,
  0x0C, 0x06, 0x06, 0x03, 0x03, 0x00, 0x3E, 0x3B, 0x90, 0xC8, 0x26, 0x30,
  0xE1, 0x9D, 0x82, 0xC1, 0xE0, 0xF0, 0x4E, 0xE3, 0xE0, 0x3E, 0x3B, 0xB0,
  0x58, 0x3C, 0x1E, 0x09, 0x8C, 0x7E, 0x06, 0x02, 0x03, 0x03, 0x01, 0x80,
  0xFF, 0x00, 0x06, 0xFC, 0xFF, 0x00, 0x00, 0x7B, 0x68, 0x02, 0x0C, 0x73,
  0x8C, 0x18, 0x1C, 0x0E, 0x06, 0x04, 0xFE, 0x00, 0x00, 0x0F, 0xE0, 0x81,
  0x81, 0xC0, 0xE0, 0x60, 0xC7, 0x38, 0xC1, 0x00, 0xF8, 0x38, 0x18, 0x30,
  0x61, 0x8F, 0x10, 0x20, 0x00, 0x03, 0x87, 0x00, 0x3E, 0x3B, 0xB0, 0x78,
  0x18, 0xEC, 0x4E, 0x63, 0x31, 0x98, 0xCC, 0x62, 0x71, 0xEC, 0x06, 0x01,
  0xC0, 0x7C, 0x1C, 0x0E, 0x05, 0x06, 0x83, 0x61, 0x30, 0x88, 0xC4, 0x7F,
  0x21, 0x90, 0x58, 0x3C, 0x18, 0xFC, 0x8E, 0x86, 0x82, 0x86, 0x86, 0xF8,
  0x86, 0x82, 0x83, 0x82, 0x8E, 0xFC, 0x7D, 0xDF, 0x0C, 0x18, 0x10, 0x20,
  0x40, 0x81, 0x07, 0x0F, 0x77, 0xC0, 0xF9, 0x1A, 0x1C, 0x18, 0x30, 0x60,
  0xC1, 0x83, 0x06, 0x1C, 0x6F, 0x80, 0xFF, 0x02, 0x04, 0x08, 0x10, 0x3F,
  0xC0, 0x81, 0x02, 0x04, 0x0F, 0xE0, 0xFF, 0x02, 0x04, 0x08, 0x10, 0x3F,
  0xC0, 0x81, 0x02, 0x04, 0x08, 0x00, 0x7D, 0xDE, 0x0C, 0x08, 0x10, 0x27,
  0xC1, 0x83, 0x06, 0x1F, 0x77, 0xC0, 0x87, 0x0E, 0x1C, 0x38, 0x70, 0xFF,
  0xC3, 0x87, 0x0E, 0x1C, 0x38, 0x60, 0xFE, 0x20, 0x40, 0x81, 0x02, 0x04,
  0x08, 0x10, 0x20, 0x40, 0x8F, 0xE0, 0x03, 0x03, 0x03, 0x03, 0x03, 0x03,
  0x03, 0x03, 0x03, 0x83, 0xC3, 0xE6, 0x3C, 0x83, 0x86, 0x86, 0x8C, 0x8C,
  0x98, 0xF8, 0x98, 0x8C, 0x8C, 0x86, 0x86, 0x83, 0xC0, 0xC0, 0xC0, 0xC0,
  0xC0, 0xC0, 0xC0, 0xC0, 0xC0, 0xC0, 0xC0, 0xC0, 0xFF, 0xE3, 0xF1, 0xF9,
  0xFE, 0xBD, 0x5E, 0xEF, 0x67, 0x83, 0xC1, 0xE0, 0xF0, 0x78, 0x3C, 0x18,
  0xC3, 0x87, 0x8D, 0x1A, 0x36, 0x64, 0xC9, 0x9B, 0x16, 0x3C, 0x78, 0x60,
  0x7D, 0xDE, 0x1C, 0x18, 0x30, 0x60, 0xC1, 0x83, 0x06, 0x1F, 0x77, 0xC0,
  0xFC, 0x86, 0x83, 0x83, 0x83, 0x86, 0xFE, 0x80, 0x80, 0x80, 0x80, 0x80,
  0x80, 0x3E, 0x77, 0x43, 0xC1, 0xC1, 0xC1, 0xC1, 0xC1, 0xC1, 0xC1, 0x43,
  0x77, 0x3E, 0x06, 0x03, 0x03, 0xFC, 0x8E, 0x82, 0x83, 0x83, 0x86, 0xFC,
  0x88, 0x8C, 0x8C, 0x86, 0x86, 0x83, 0x3C, 0x3B, 0x90, 0xC8, 0x06, 0x03,
  0xC0, 0x78, 0x06, 0x01, 0x60, 0xF0, 0x4E, 0xE3, 0xE0, 0xFF, 0x84, 0x02,
  0x01, 0x00, 0x80, 0x40, 0x20, 0x10, 0x08, 0x04, 0x02, 0x01, 0x00, 0x80,
  0x83, 0x06, 0x0C, 0x18, 0x30, 0x60, 0xC1, 0x83, 0x06, 0x1F, 0x77, 0xC0,
  0xC1, 0xE0, 0xD0, 0x48, 0x66, 0x33, 0x10, 0x88, 0x4C, 0x36, 0x1A, 0x05,
  0x03, 0x81, 0xC0, 0xC4, 0x53, 0x14, 0xA5, 0x29, 0x4A, 0x52, 0xB6, 0xAD,
  0xAB, 0x7A, 0x8C, 0xA3, 0x38, 0xC6, 0x31, 0x80, 0xC1, 0xB1, 0x98, 0x86,
  0xC3, 0x40, 0xE0, 0x60, 0x38, 0x36, 0x13, 0x18, 0xC8, 0x6C, 0x18, 0xC1,
  0xE0, 0x98, 0xCC, 0x42, 0x61, 0xB0, 0x70, 0x38, 0x08, 0x04, 0x02, 0x01,
  0x00, 0x80, 0xFE, 0x0C, 0x18, 0x60, 0x83, 0x0C, 0x18, 0x60, 0x83, 0x04,
  0x0F, 0xE0, 0xF8, 0x88, 0x88, 0x88, 0x88, 0x88, 0x88, 0x8F, 0xC0, 0x60,
  0x60, 0x20, 0x30, 0x30, 0x18, 0x18, 0x08, 0x0C, 0x0C, 0x04, 0x06, 0x06,
  0x03, 0x03, 0x01, 0xF3, 0x33, 0x33, 0x33, 0x33, 0x33, 0x33, 0x3F, 0x18,
  0x14, 0x14, 0x26, 0x22, 0x63, 0xC1, 0xFF, 0x80, 0xC6, 0x30, 0x3E, 0x77,
  0x43, 0x01, 0x7F, 0x61, 0xC1, 0xC3, 0x65, 0x3D, 0x81, 0x02, 0x05, 0xEE,
  0xF8, 0xE0, 0xC1, 0x83, 0x07, 0x1F, 0x7B, 0xC0, 0x7D, 0xDE, 0x0C, 0x08,
  0x10, 0x20, 0x41, 0xEE, 0xF8, 0x02, 0x04, 0x0B, 0xDE, 0xB0, 0xE0, 0xC1,
  0x83, 0x06, 0x1F, 0x57, 0xA0, 0x7D, 0xDE, 0x0C, 0x1F, 0xF0, 0x20, 0x41,
  0xEE, 0xF8, 0x0F, 0x8C, 0x04, 0x02, 0x01, 0x07, 0xFC, 0x40, 0x20, 0x10,
  0x08, 0x04, 0x02, 0x01, 0x00, 0x7B, 0xD6, 0x1C, 0x18, 0x30, 0x61, 0xE3,
  0x7A, 0x0C, 0x18, 0x77, 0xC0, 0x81, 0x02, 0x05, 0xEE, 0xF8, 0xE0, 0xC1,
  0x83, 0x06, 0x0C, 0x18, 0x20, 0x38, 0x18, 0x00, 0x00, 0xF8, 0x18, 0x18,
  0x18, 0x18, 0x18, 0x18, 0x18, 0x18, 0xFF, 0x0C, 0x30, 0x00, 0xFC, 0x30,
  0xC3, 0x0C, 0x30, 0xC3, 0x0C, 0x30, 0xC6, 0xF0, 0x80, 0x80, 0x80, 0x83,
  0x86, 0x8C, 0x88, 0xF8, 0x98, 0x8C, 0x86, 0x86, 0x83, 0xF8, 0x0C, 0x06,
  0x03, 0x01, 0x80, 0xC0, 0x60, 0x30, 0x18, 0x0C, 0x06, 0x03, 0x00, 0xF8,
  0xB7, 0x6E, 0xF2, 0x79, 0x3C, 0x9E, 0x4F, 0x27, 0x93, 0xC9, 0xE4, 0xC0,
  0xBD, 0xDF, 0x1C, 0x18, 0x30, 0x60, 0xC1, 0x83, 0x04, 0x7D, 0xDE, 0x1C,
  0x18, 0x30, 0x60, 0xC3, 0xEE, 0xF8, 0xBD, 0xDF, 0x1C, 0x18, 0x30, 0x60,
  0xE3, 0xEF, 0x7A, 0x04, 0x08, 0x00, 0x7B, 0xD6, 0x1C, 0x18, 0x30, 0x60,
  0xC3, 0xEA, 0xF4, 0x08, 0x10, 0x20, 0xDC, 0xEE, 0xC2, 0xC3, 0xC0, 0xC0,
  0xC0, 0xC0, 0xC0, 0xC0, 0x7D, 0x9E, 0x1C, 0x0F, 0xC3, 0xC0, 0xC1, 0xCE,
  0xF8, 0x10, 0x10, 0x10, 0xFF, 0x10, 0x10, 0x10, 0x10, 0x10, 0x10, 0x10,
  0x18, 0x0F, 0x83, 0x06, 0x0C, 0x18, 0x30, 0x60, 0xE3, 0xEE, 0xF0, 0xC1,
  0xE0, 0x98, 0xCC, 0x66, 0x21, 0x30, 0xD8, 0x68, 0x14, 0x0E, 0x00, 0x88,
  0xCC, 0x65, 0x32, 0xBD, 0x56, 0xA9, 0xD4, 0xCE, 0x63, 0x31, 0x80, 0xC3,
  0xB1, 0x8D, 0x86, 0x81, 0xC0, 0xE0, 0xD8, 0x4C, 0x63, 0x60, 0xC0, 0xC1,
  0xA0, 0x98, 0xCC, 0x42, 0x21, 0xB0, 0x50, 0x38, 0x1C, 0x04, 0x06, 0x02,
  0x03, 0x00, 0xFE, 0x0C, 0x30, 0x41, 0x86, 0x18, 0x60, 0x81, 0xFC, 0x07,
  0x0C, 0x0C, 0x0C, 0x0C, 0x0C, 0x0C, 0xF0, 0x08, 0x0C, 0x0C, 0x0C, 0x0C,
  0x0C, 0x0C, 0x07, 0xFF, 0xFF, 0x80, 0xE0, 0x60, 0xC1, 0x83, 0x04, 0x0C,
  0x0F, 0x30, 0x40, 0x81, 0x83, 0x06, 0x0C, 0x70, 0x71, 0xEC, 0xF3, 0xC0,
};

const GFXglyph RiposteMono9_Glyphs[] PROGMEM = {
  {     0,   1,   1,  11,    0,     0 },   // ' '
  {     1,   3,  13,  11,    4,   -12 },   // '!'
  {     6,   5,   5,  11,    3,   -12 },   // '"'
  {    10,   9,  13,  11,    1,   -12 },   // '#'
  {    25,   9,  18,  11,    1,   -15 },   // '$'
  {    46,  11,  13,  11,    0,   -12 },   // '%'
  {    64,  11,  13,  11,    0,   -12 },   // '&'
  {    82,   2,   5,  11,    4,   -12 },   // '''
  {    84,   6,  17,  11,    3,   -14 },   // '('
  {    97,   5,  17,  11,    2,   -14 },   // ')'
  {   108,   9,   9,  11,    1,   -10 },   // '*'
  {   119,   9,   8,  11,    1,    -9 },   // '+'
  {   128,   3,   5,  11,    4,    -1 },   // ','
  {   130,   5,   1,  11,    3,    -5 },   // '-'
  {   131,   3,   3,  11,    4,    -2 },   // '.'
  {   133,   8,  17,  11,    1,   -14 },   // '/'
  {   150,   8,  13,  11,    1,   -12 },   // '0'
  {   163,   8,  13,  11,    2,   -12 },   // '1'
  {   176,   8,  13,  11,    1,   -12 },   // '2'
  {   189,   8,  13,  11,    1,   -12 },   // '3'
  {   202,   8,  13,  11,    1,   -12 },   // '4'
  {   215,   8,  13,  11,    1,   -12 },   // '5'
  {   228,   9,  13,  11,    1,   -12 },   // '6'
  {   243,   9,  13,  11,    1,   -12 },   // '7'
  {   258,   9,  13,  11,    1,   -12 },   // '8'
  {   273,   9,  13,  11,    1,   -12 },   // '9'
  {   288,   3,  10,  11,    4,    -9 },   // ':'
  {   292,   3,  13,  11,    4,    -9 },   // ';'
  {   297,   7,  10,  11,    2,   -10 },   // '<'
  {   306,   7,   5,  11,    2,    -7 },   // '='
  {   311,   7,  10,  11,    2,   -10 },   // '>'
  {   320,   7,  13,  11,    2,   -12 },   // '?'
  {   332,   9,  16,  11,    1,   -12 },   // '@'
  {   350,   9,  13,  11,    1,   -12 },   // 'A'
  {   365,   8,  13,  11,    2,   -12 },   // 'B'
  {   378,   7,  13,  11,    2,   -12 },   // 'C'
  {   390,   7,  13,  11,    2,   -12 },   // 'D'
  {   402,   7,  13,  11,    2,   -12 },   // 'E'
  {   414,   7,  13,  11,    2,   -12 },   // 'F'
  {   426,   7,  13,  11,    2,   -12 },   // 'G'
  {   438,   7,  13,  11,    2,   -12 },   // 'H'
  {   450,   7,  13,  11,    2,   -12 },   // 'I'
  {   462,   8,  13,  11,    1,   -12 },   // 'J'
  {   475,   8,  13,  11,    2,   -12 },   // 'K'
  {   488,   8,  13,  11,    2,   -12 },   // 'L'
  {   501,   9,  13,  11,    1,   -12 },   // 'M'
  {   516,   7,  13,  11,    2,   -12 },   // 'N'
  {   528,   7,  13,  11,    2,   -12 },   // 'O'
  {   540,   8,  13,  11,    2,   -12 },   // 'P'
  {   553,   8,  16,  11,    1,   -12 },   // 'Q'
  {   569,   8,  13,  11,    2,   -12 },   // 'R'
  {   582,   9,  13,  11,    1,   -12 },   // 'S'
  {   597,   9,  13,  11,    1,   -12 },   // 'T'
  {   612,   7,  13,  11,    2,   -12 },   // 'U'
  {   624,   9,  13,  11,    1,   -12 },   // 'V'
  {   639,  10,  13,  11,    0,   -12 },   // 'W'
  {   656,   9,  13,  11,    1,   -12 },   // 'X'
  {   671,   9,  13,  11,    1,   -12 },   // 'Y'
  {   686,   7,  13,  11,    2,   -12 },   // 'Z'
  {   698,   4,  16,  11,    4,   -13 },   // '['
  {   706,   8,  17,  11,    1,   -14 },   // '\\'
  {   723,   4,  16,  11,    3,   -13 },   // ']'
  {   731,   8,   7,  11,    1,   -12 },   // '^'
  {   738,   9,   1,  11,    1,     2 },   // '_'
  {   740,   4,   3,  11,    3,   -14 },   // '`'
  {   742,   8,  10,  11,    1,    -9 },   // 'a'
  {   752,   7,  13,  11,    2,   -12 },   // 'b'
  {   764,   7,  10,  11,    2,    -9 },   // 'c'
  {   773,   7,  13,  11,    2,   -12 },   // 'd'
  {   785,   7,  10,  11,    2,    -9 },   // 'e'
  {   794,   9,  13,  11,    1,   -12 },   // 'f'
  {   809,   7,  13,  11,    2,    -9 },   // 'g'
  {   821,   7,  13,  11,    2,   -12 },   // 'h'
  {   833,   8,  14,  11,    2,   -13 },   // 'i'
  {   847,   6,  17,  11,    2,   -13 },   // 'j'
  {   860,   8,  13,  11,    2,   -12 },   // 'k'
  {   873,   9,  13,  11,    1,   -12 },   // 'l'
  {   888,   9,  10,  11,    1,    -9 },   // 'm'
  {   900,   7,  10,  11,    2,    -9 },   // 'n'
  {   909,   7,  10,  11,    2,    -9 },   // 'o'
  {   918,   7,  13,  11,    2,    -9 },   // 'p'
  {   930,   7,  13,  11,    2,    -9 },   // 'q'
  {   942,   8,  10,  11,    2,    -9 },   // 'r'
  {   952,   7,  10,  11,    2,    -9 },   // 's'
  {   961,   8,  13,  11,    1,   -12 },   // 't'
  {   974,   7,  10,  11,    2,    -9 },   // 'u'
  {   983,   9,  10,  11,    1,    -9 },   // 'v'
  {   995,   9,  10,  11,    1,    -9 },   // 'w'
  {  1007,   9,  10,  11,    1,    -9 },   // 'x'
  {  1019,   9,  13,  11,    1,    -9 },   // 'y'
  {  1034,   7,  10,  11,    2,    -9 },   // 'z'
  {  1043,   8,  16,  11,    1,   -13 },   // '{'
  {  1059,   1,  17,  11,    5,   -14 },   // '|'
  {  1062,   7,  16,  11,    2,   -13 },   // '}'
  {  1076,   9,   3,  11,    1,    -7 },   // '~'
};

const GFXfont RiposteMono9 PROGMEM = {
  (uint8_t  *)RiposteMono9_Bitmaps,
  (GFXglyph *)RiposteMono9_Glyphs,
  0x20, 0x7E, 23 };

// RiposteMonoBold9: generated from JetBrainsMono-Bold.ttf at 9pt @ 141dpi,
// chars 0x20-0x7E. Adafruit GFX format.
const uint8_t RiposteMonoBold9_Bitmaps[] PROGMEM = {
  0x00, 0xFF, 0xFF, 0xB6, 0xC0, 0x7E, 0xCF, 0x9F, 0x3E, 0x7C, 0xE0, 0x11,
  0x18, 0x8C, 0xDF, 0xFF, 0xF9, 0x10, 0x88, 0xCC, 0xFF, 0xFF, 0xD1, 0x88,
  0x8C, 0x40, 0x08, 0x04, 0x07, 0x0F, 0xE6, 0xF7, 0x5F, 0xA0, 0xF0, 0x7E,
  0x0F, 0x82, 0xE1, 0x7C, 0xBF, 0x59, 0xFC, 0x38, 0x08, 0x04, 0x00, 0x70,
  0x7F, 0x1B, 0x26, 0x64, 0x8F, 0xB0, 0xEC, 0x01, 0x00, 0x7E, 0x1B, 0xE6,
  0xCC, 0x99, 0xB1, 0x3C, 0x3C, 0x1E, 0x07, 0xE0, 0xCE, 0x18, 0x01, 0x80,
  0x78, 0x1F, 0x1F, 0x36, 0xC3, 0x98, 0x73, 0x9E, 0x3F, 0x63, 0xCE, 0xFF,
  0xFC, 0x0C, 0xF7, 0x98, 0xE3, 0x0C, 0x30, 0xC3, 0x0C, 0x30, 0xE1, 0x87,
  0x8F, 0x0C, 0xC3, 0x87, 0x0E, 0x18, 0x70, 0xC3, 0x0C, 0x30, 0xC7, 0x18,
  0xE7, 0x3C, 0xC0, 0x18, 0x0C, 0x26, 0x3D, 0x77, 0xF0, 0xE0, 0xD8, 0xEC,
  0x63, 0x00, 0x1C, 0x0E, 0x07, 0x1F, 0xFF, 0xF8, 0xE0, 0x70, 0x38, 0x77,
  0x66, 0xE0, 0xFF, 0xC0, 0xFF, 0x80, 0x03, 0x81, 0x81, 0xC0, 0xC0, 0x60,
  0x70, 0x30, 0x18, 0x1C, 0x0C, 0x0E, 0x06, 0x03, 0x03, 0x81, 0x80, 0xC0,
  0xE0, 0x00, 0x3E, 0x3F, 0xB8, 0xD8, 0x7C, 0x3E, 0xDF, 0x7F, 0x87, 0xC3,
  0xE1, 0xF8, 0xCF, 0xE3, 0xE0, 0x1C, 0x1E, 0x3F, 0x19, 0x88, 0xC0, 0x60,
  0x30, 0x18, 0x0C, 0x06, 0x03, 0x0F, 0xF7, 0xF8, 0x3E, 0x3F, 0xB8, 0xD8,
  0x70, 0x30, 0x18, 0x1C, 0x1C, 0x1C, 0x1C, 0x1C, 0x1F, 0xFF, 0xF8, 0x7F,
  0x3F, 0x81, 0x81, 0x81, 0x80, 0xF0, 0x7C, 0x06, 0x03, 0xE1, 0xB8, 0xCF,
  0xE3, 0xE0, 0x06, 0x0C, 0x1C, 0x38, 0x30, 0x73, 0xE3, 0xC3, 0xFF, 0xFF,
  0x03, 0x03, 0x03, 0x7F, 0x3F, 0x98, 0x0C, 0x07, 0xE3, 0xF8, 0x0C, 0x07,
  0x03, 0xE1, 0xF8, 0xCF, 0xE3, 0xE0, 0x0E, 0x0E, 0x06, 0x07, 0x03, 0x03,
  0x73, 0xFD, 0xC7, 0xC1, 0xE0, 0xF8, 0xEF, 0xE3, 0xE0, 0xFF, 0xFF, 0xF0,
  0xF8, 0x60, 0x30, 0x38, 0x18, 0x1C, 0x0C, 0x0E, 0x06, 0x07, 0x03, 0x80,
  0x3E, 0x3F, 0xB8, 0xDC, 0x66, 0x33, 0xF1, 0xFD, 0xC6, 0xC1, 0xE0, 0xF8,
  0xEF, 0xE3, 0xE0, 0x3E, 0x3F, 0xB8, 0xF8, 0x3C, 0x1F, 0x1D, 0xFC, 0x7E,
  0x06, 0x07, 0x03, 0x03, 0x83, 0x80, 0xFF, 0x80, 0x07, 0xFC, 0x77, 0x70,
  0x00, 0x00, 0x76, 0x66, 0xE0, 0x01, 0x03, 0x1F, 0x7C, 0xE0, 0xE0, 0x78,
  0x1F, 0x07, 0x01, 0xFF, 0xFF, 0x00, 0x00, 0xFF, 0xFF, 0x80, 0xE0, 0x78,
  0x1F, 0x07, 0x03, 0x1F, 0x7C, 0xF0, 0x80, 0xF9, 0xF8, 0x38, 0x30, 0xEF,
  0x9E, 0x30, 0x60, 0x00, 0x03, 0x87, 0x00, 0x3E, 0x3F, 0xB8, 0x78, 0x3C,
  0xFC, 0xFE, 0x67, 0x33, 0x99, 0xCC, 0xE7, 0xF9, 0xEC, 0x07, 0x01, 0xF8,
  0x7C, 0x1C, 0x0E, 0x0F, 0x06, 0xC3, 0x61, 0xB1, 0x9C, 0xC6, 0x7F, 0x3F,
  0xB8, 0xF8, 0x3C, 0x18, 0xFE, 0x7F, 0xB8, 0xDC, 0x7E, 0x37, 0xF3, 0xFD,
  0xC6, 0xE1, 0xF0, 0xF8, 0xFF, 0xEF, 0xE0, 0x3E, 0x3F, 0x98, 0xFC, 0x7E,
  0x07, 0x03, 0x81, 0xC0, 0xE0, 0x71, 0xD8, 0xEF, 0xE3, 0xE0, 0xFE, 0x7F,
  0xB8, 0xDC, 0x7E, 0x3F, 0x1F, 0x8F, 0xC7, 0xE3, 0xF1, 0xF8, 0xDF, 0xEF,
  0xE0, 0xFF, 0xFF, 0x06, 0x0C, 0x1F, 0xFF, 0xE0, 0xC1, 0x83, 0x07, 0xFF,
  0xE0, 0xFF, 0xFF, 0xF8, 0x1C, 0x0E, 0x07, 0x03, 0xFD, 0xFE, 0xE0, 0x70,
  0x38, 0x1C, 0x0E, 0x00, 0x3E, 0x3F, 0xB8, 0xDC, 0x7E, 0x07, 0x03, 0xBF,
  0xDF, 0xE3, 0xF1, 0xF8, 0xCF, 0xE3, 0xE0, 0xE3, 0xE3, 0xE3, 0xE3, 0xE3,
  0xFF, 0xFF, 0xE3, 0xE3, 0xE3, 0xE3, 0xE3, 0xE3, 0xFF, 0xFC, 0xE1, 0xC3,
  0x87, 0x0E, 0x1C, 0x38, 0x70, 0xE7, 0xFF, 0xE0, 0x03, 0x03, 0x03, 0x03,
  0x03, 0x03, 0x03, 0x03, 0x03, 0xC3, 0xC7, 0xFE, 0x3C, 0xE3, 0xF1, 0xB9,
  0xDC, 0xCE, 0xE7, 0xE3, 0xF1, 0xDC, 0xE6, 0x73, 0xB8, 0xDC, 0x7E, 0x18,
  0xC0, 0xC0, 0xC0, 0xC0, 0xC0, 0xC0, 0xC0, 0xC0, 0xC0, 0xC0, 0xC0, 0xFF,
  0xFF, 0xE3, 0xF3, 0xFD, 0xFE, 0xBD, 0x5E, 0xEF, 0x77, 0x83, 0xC1, 0xE0,
  0xF0, 0x78, 0x3C, 0x18, 0xE3, 0xF9, 0xFC, 0xFE, 0x7D, 0xBE, 0xDF, 0x6F,
  0x9F, 0xCD, 0xE2, 0xF1, 0xF8, 0xFC, 0x38, 0x3E, 0x3F, 0xB8, 0xDC, 0x6E,
  0x3F, 0x1F, 0x8F, 0xC7, 0xE3, 0xF1, 0xB8, 0xCF, 0xE3, 0xE0, 0xFE, 0x7F,
  0xB8, 0xFC, 0x3E, 0x1F, 0x1F, 0xFD, 0xFC, 0xE0, 0x70, 0x38, 0x1C, 0x0E,
  0x00, 0x3E, 0x3F, 0xB8, 0xD8, 0x7C, 0x3E, 0x1F, 0x0F, 0x87, 0xC3, 0xE1,
  0xF8, 0xCF, 0xE3, 0xE0, 0x30, 0x1C, 0x07, 0xFE, 0x7F, 0xB8, 0xFC, 0x3E,
  0x1F, 0x1F, 0xFD, 0xFC, 0xE6, 0x73, 0x39, 0xDC, 0x6E, 0x38, 0x3E, 0x3F,
  0xB8, 0xD8, 0x6E, 0x03, 0xE0, 0xFC, 0x0E, 0x03, 0xE0, 0xF8, 0xEF, 0xE3,
  0xE0, 0xFF, 0xFF, 0xC7, 0x03, 0x81, 0xC0, 0xE0, 0x70, 0x38, 0x1C, 0x0E,
  0x07, 0x03, 0x81, 0xC0, 0xE3, 0xF1, 0xF8, 0xFC, 0x7E, 0x3F, 0x1F, 0x8F,
  0xC7, 0xE3, 0xF1, 0xB8, 0xCF, 0xE3, 0xE0, 0xC1, 0xE0, 0xF8, 0xEC, 0x66,
  0x33, 0x19, 0x9C, 0x6C, 0x36, 0x1B, 0x0D, 0x03, 0x81, 0xC0, 0xCC, 0x79,
  0xC9, 0x3B, 0x25, 0x66, 0xAC, 0xD5, 0x9A, 0xB3, 0x56, 0x7A, 0xCF, 0x71,
  0xCE, 0x39, 0xC3, 0x18, 0x61, 0xCC, 0x63, 0x38, 0x6C, 0x1F, 0x03, 0x80,
  0xE0, 0x38, 0x1F, 0x0E, 0xC3, 0x39, 0xC6, 0xE0, 0xC0, 0xE0, 0xD8, 0x73,
  0x18, 0xC6, 0x3B, 0x06, 0xC1, 0xE0, 0x38, 0x0E, 0x03, 0x80, 0xE0, 0x38,
  0x0E, 0x00, 0x7F, 0x7F, 0x07, 0x06, 0x0E, 0x0C, 0x1C, 0x38, 0x30, 0x70,
  0x60, 0xFF, 0xFF, 0xFF, 0xF9, 0xCE, 0x73, 0x9C, 0xE7, 0x39, 0xCE, 0x73,
  0x9F, 0xF8, 0xE0, 0x30, 0x18, 0x0E, 0x03, 0x01, 0x80, 0xE0, 0x30, 0x1C,
  0x06, 0x03, 0x01, 0xC0, 0x60, 0x30, 0x1C, 0x06, 0x03, 0x80, 0xFF, 0xC6,
  0x31, 0x8C, 0x63, 0x18, 0xC6, 0x31, 0x8C, 0x7F, 0xF8, 0x1C, 0x0E, 0x0D,
  0x86, 0xC6, 0x63, 0x1B, 0x8E, 0xFF, 0xFF, 0xC0, 0xE7, 0x3E, 0x7F, 0xE3,
  0x03, 0x3F, 0xFF, 0xC3, 0xC3, 0xFF, 0x7B, 0xE0, 0x70, 0x38, 0x1D, 0xCF,
  0xF7, 0x1B, 0x8F, 0xC7, 0xE3, 0xF1, 0xF8, 0xDF, 0xEE, 0xE0, 0x3E, 0x3F,
  0x98, 0xFC, 0x7E, 0x07, 0x03, 0x8E, 0xC7, 0x7F, 0x1F, 0x00, 0x03, 0x03,
  0x03, 0x3B, 0x7F, 0xE3, 0xE3, 0xE3, 0xE3, 0xE3, 0xE3, 0x7F, 0x3B, 0x3E,
  0x3F, 0xB8, 0xD8, 0x7F, 0xFF, 0xFF, 0x01, 0xC6, 0x7F, 0x1F, 0x00, 0x0F,
  0x8F, 0xC6, 0x03, 0x01, 0x87, 0xFF, 0xFE, 0x30, 0x18, 0x0C, 0x06, 0x03,
  0x01, 0x80, 0x3B, 0x7F, 0xE3, 0xE3, 0xE3, 0xE3, 0xE3, 0x7F, 0x3B, 0x03,
  0x03, 0x3F, 0x3E, 0xE0, 0xE0, 0xE0, 0xEE, 0xFF, 0xE3, 0xE3, 0xE3, 0xE3,
  0xE3, 0xE3, 0xE3, 0xE3, 0x1C, 0x0E, 0x00, 0x0F, 0x87, 0xC0, 0x60, 0x30,
  0x18, 0x0C, 0x06, 0x03, 0x1F, 0xFF, 0xF8, 0x06, 0x1C, 0x07, 0xFF, 0xE0,
  0xC1, 0x83, 0x06, 0x0C, 0x18, 0x30, 0x61, 0xFF, 0xFC, 0xE0, 0x70, 0x38,
  0x1C, 0x7E, 0x37, 0x3B, 0x99, 0xF8, 0xFE, 0x73, 0x39, 0xDC, 0x6E, 0x38,
  0xFC, 0x3F, 0x00, 0xC0, 0x30, 0x0C, 0x03, 0x00, 0xC0, 0x30, 0x0C, 0x03,
  0x00, 0xC0, 0x3F, 0x07, 0xC0, 0xFB, 0x7F, 0xF6, 0x7B, 0x3D, 0x9E, 0xCF,
  0x67, 0xB3, 0xD9, 0xEC, 0xC0, 0xEE, 0xFF, 0xE3, 0xE3, 0xE3, 0xE3, 0xE3,
  0xE3, 0xE3, 0xE3, 0x3E, 0x3F, 0xB8, 0xDC, 0x7E, 0x3F, 0x1F, 0x8F, 0xC6,
  0x7F, 0x1F, 0x00, 0xEE, 0x7F, 0xB8, 0xDC, 0x7E, 0x3F, 0x1F, 0x8F, 0xC6,
  0xFF, 0x77, 0x38, 0x1C, 0x0E, 0x00, 0x3B, 0x7F, 0xE3, 0xE3, 0xE3, 0xE3,
  0xE3, 0xE3, 0x7F, 0x3B, 0x03, 0x03, 0x03, 0xDE, 0xFE, 0xC7, 0xC3, 0xC3,
  0xC0, 0xC0, 0xC0, 0xC0, 0xC0, 0x3E, 0x3F, 0xB8, 0xDC, 0x07, 0xE1, 0xF8,
  0x0F, 0x87, 0x7F, 0x1F, 0x00, 0x38, 0x1C, 0x0E, 0x1F, 0xFF, 0xF9, 0xC0,
  0xE0, 0x70, 0x38, 0x1C, 0x0E, 0x03, 0xE0, 0xF0, 0xE3, 0xE3, 0xE3, 0xE3,
  0xE3, 0xE3, 0xE3, 0x63, 0x7F, 0x3E, 0xC1, 0xE1, 0xF8, 0xCC, 0x66, 0x73,
  0xB0, 0xD8, 0x6C, 0x3C, 0x0E, 0x00, 0xCC, 0x69, 0xC9, 0x3B, 0x35, 0x66,
  0xAC, 0xD5, 0x9E, 0xA3, 0xDC, 0x33, 0x86, 0x30, 0xE3, 0xB3, 0x8D, 0x87,
  0xC1, 0xC0, 0xE0, 0xF8, 0xEC, 0x63, 0x71, 0xC0, 0xC1, 0xF1, 0xD8, 0xCC,
  0x67, 0x61, 0xB0, 0xD8, 0x38, 0x1C, 0x0E, 0x06, 0x03, 0x03, 0x80, 0x7F,
  0x7F, 0x07, 0x0E, 0x1C, 0x18, 0x30, 0x60, 0xFF, 0xFF, 0x07, 0x0F, 0x0C,
  0x0C, 0x0C, 0x0C, 0x0C, 0x0C, 0xF8, 0xFC, 0x0C, 0x0C, 0x0C, 0x0C, 0x0C,
  0x0F, 0x07, 0xFF, 0xFF, 0xFF, 0xFF, 0xFF, 0xFF, 0xE0, 0xE0, 0xF0, 0x30,
  0x30, 0x30, 0x30, 0x70, 0x30, 0x3F, 0x3F, 0x70, 0x30, 0x30, 0x30, 0x30,
  0xF0, 0xE0, 0x71, 0xFC, 0xF3, 0xF8, 0xE0,
};

const GFXglyph RiposteMonoBold9_Glyphs[] PROGMEM = {
  {     0,   1,   1,  11,    0,     0 },   // ' '
  {     1,   3,  13,  11,    4,   -12 },   // '!'
  {     6,   7,   5,  11,    2,   -12 },   // '"'
  {    11,   9,  13,  11,    1,   -12 },   // '#'
  {    26,   9,  18,  11,    1,   -15 },   // '$'
  {    47,  11,  13,  11,    0,   -12 },   // '%'
  {    65,  11,  13,  11,    0,   -12 },   // '&'
  {    83,   3,   5,  11,    4,   -12 },   // '''
  {    85,   6,  17,  11,    3,   -14 },   // '('
  {    98,   6,  17,  11,    2,   -14 },   // ')'
  {   111,   9,   9,  11,    1,   -10 },   // '*'
  {   122,   9,   8,  11,    1,    -9 },   // '+'
  {   131,   4,   5,  11,    3,    -1 },   // ','
  {   134,   5,   2,  11,    3,    -6 },   // '-'
  {   136,   3,   3,  11,    4,    -2 },   // '.'
  {   138,   9,  17,  11,    1,   -14 },   // '/'
  {   158,   9,  13,  11,    1,   -12 },   // '0'
  {   173,   9,  13,  11,    1,   -12 },   // '1'
  {   188,   9,  13,  11,    1,   -12 },   // '2'
  {   203,   9,  13,  11,    1,   -12 },   // '3'
  {   218,   8,  13,  11,    1,   -12 },   // '4'
  {   231,   9,  13,  11,    1,   -12 },   // '5'
  {   246,   9,  13,  11,    1,   -12 },   // '6'
  {   261,   9,  13,  11,    1,   -12 },   // '7'
  {   276,   9,  13,  11,    1,   -12 },   // '8'
  {   291,   9,  13,  11,    1,   -12 },   // '9'
  {   306,   3,  10,  11,    4,    -9 },   // ':'
  {   310,   4,  13,  11,    3,    -9 },   // ';'
  {   317,   8,  10,  11,    1,   -10 },   // '<'
  {   327,   8,   6,  11,    1,    -8 },   // '='
  {   333,   8,  10,  11,    1,   -10 },   // '>'
  {   343,   7,  13,  11,    2,   -12 },   // '?'
  {   355,   9,  16,  11,    1,   -12 },   // '@'
  {   373,   9,  13,  11,    1,   -12 },   // 'A'
  {   388,   9,  13,  11,    1,   -12 },   // 'B'
  {   403,   9,  13,  11,    1,   -12 },   // 'C'
  {   418,   9,  13,  11,    1,   -12 },   // 'D'
  {   433,   7,  13,  11,    2,   -12 },   // 'E'
  {   445,   9,  13,  11,    1,   -12 },   // 'F'
  {   460,   9,  13,  11,    1,   -12 },   // 'G'
  {   475,   8,  13,  11,    1,   -12 },   // 'H'
  {   488,   7,  13,  11,    2,   -12 },   // 'I'
  {   500,   8,  13,  11,    1,   -12 },   // 'J'
  {   513,   9,  13,  11,    1,   -12 },   // 'K'
  {   528,   8,  13,  11,    2,   -12 },   // 'L'
  {   541,   9,  13,  11,    1,   -12 },   // 'M'
  {   556,   9,  13,  11,    1,   -12 },   // 'N'
  {   571,   9,  13,  11,    1,   -12 },   // 'O'
  {   586,   9,  13,  11,    1,   -12 },   // 'P'
  {   601,   9,  16,  11,    1,   -12 },   // 'Q'
  {   619,   9,  13,  11,    1,   -12 },   // 'R'
  {   634,   9,  13,  11,    1,   -12 },   // 'S'
  {   649,   9,  13,  11,    1,   -12 },   // 'T'
  {   664,   9,  13,  11,    1,   -12 },   // 'U'
  {   679,   9,  13,  11,    1,   -12 },   // 'V'
  {   694,  11,  13,  11,    0,   -12 },   // 'W'
  {   712,  10,  13,  11,    0,   -12 },   // 'X'
  {   729,  10,  13,  11,    0,   -12 },   // 'Y'
  {   746,   8,  13,  11,    1,   -12 },   // 'Z'
  {   759,   5,  17,  11,    3,   -14 },   // '['
  {   770,   9,  17,  11,    1,   -14 },   // '\\'
  {   790,   5,  17,  11,    2,   -14 },   // ']'
  {   801,   9,   7,  11,    1,   -12 },   // '^'
  {   809,   9,   2,  11,    1,     1 },   // '_'
  {   812,   4,   2,  11,    3,   -13 },   // '`'
  {   813,   8,  10,  11,    1,    -9 },   // 'a'
  {   823,   9,  13,  11,    1,   -12 },   // 'b'
  {   838,   9,  10,  11,    1,    -9 },   // 'c'
  {   850,   8,  13,  11,    1,   -12 },   // 'd'
  {   863,   9,  10,  11,    1,    -9 },   // 'e'
  {   875,   9,  13,  11,    1,   -12 },   // 'f'
  {   890,   8,  13,  11,    1,    -9 },   // 'g'
  {   903,   8,  13,  11,    1,   -12 },   // 'h'
  {   916,   9,  13,  11,    1,   -12 },   // 'i'
  {   931,   7,  16,  11,    1,   -12 },   // 'j'
  {   945,   9,  13,  11,    1,   -12 },   // 'k'
  {   960,  10,  13,  11,    0,   -12 },   // 'l'
  {   977,   9,  10,  11,    1,    -9 },   // 'm'
  {   989,   8,  10,  11,    1,    -9 },   // 'n'
  {   999,   9,  10,  11,    1,    -9 },   // 'o'
  {  1011,   9,  13,  11,    1,    -9 },   // 'p'
  {  1026,   8,  13,  11,    1,    -9 },   // 'q'
  {  1039,   8,  10,  11,    2,    -9 },   // 'r'
  {  1049,   9,  10,  11,    1,    -9 },   // 's'
  {  1061,   9,  13,  11,    1,   -12 },   // 't'
  {  1076,   8,  10,  11,    1,    -9 },   // 'u'
  {  1086,   9,  10,  11,    1,    -9 },   // 'v'
  {  1098,  11,  10,  11,    0,    -9 },   // 'w'
  {  1112,   9,  10,  11,    1,    -9 },   // 'x'
  {  1124,   9,  13,  11,    1,    -9 },   // 'y'
  {  1139,   8,  10,  11,    1,    -9 },   // 'z'
  {  1149,   8,  17,  11,    1,   -14 },   // '{'
  {  1166,   3,  17,  11,    4,   -14 },   // '|'
  {  1173,   8,  17,  11,    2,   -14 },   // '}'
  {  1190,   9,   4,  11,    1,    -7 },   // '~'
};

const GFXfont RiposteMonoBold9 PROGMEM = {
  (uint8_t  *)RiposteMonoBold9_Bitmaps,
  (GFXglyph *)RiposteMonoBold9_Glyphs,
  0x20, 0x7E, 23 };

// RiposteMono12: generated from JetBrainsMono-Regular.ttf at 12pt @ 141dpi,
// chars 0x20-0x7E. Adafruit GFX format.
const uint8_t RiposteMono12_Bitmaps[] PROGMEM = {
  0x00, 0x66, 0x66, 0x66, 0x66, 0x66, 0x66, 0x60, 0x07, 0xF7, 0xE3, 0xE3,
  0xE3, 0x63, 0x63, 0x63, 0x63, 0x0C, 0x20, 0x63, 0x02, 0x18, 0x10, 0xC1,
  0x86, 0x3F, 0xFD, 0xFF, 0xE3, 0x18, 0x10, 0xC1, 0x86, 0x0C, 0x21, 0xFF,
  0xEF, 0xFF, 0x18, 0xC0, 0x86, 0x0C, 0x30, 0x61, 0x03, 0x08, 0x00, 0x04,
  0x00, 0x80, 0x10, 0x07, 0x03, 0xF8, 0xEB, 0xB9, 0x36, 0x26, 0xC4, 0x1C,
  0x81, 0xD0, 0x3E, 0x03, 0xF0, 0x0F, 0x81, 0x70, 0x27, 0x04, 0xF8, 0x9F,
  0x13, 0x72, 0xE7, 0xF8, 0x3C, 0x01, 0x00, 0x20, 0x04, 0x00, 0x3C, 0x0D,
  0xF8, 0x6C, 0x61, 0x31, 0x8C, 0xC6, 0x63, 0x19, 0x07, 0xEC, 0x0F, 0x60,
  0x01, 0x00, 0x0C, 0x00, 0x67, 0x81, 0x3F, 0x0D, 0x8C, 0x66, 0x31, 0x18,
  0xCC, 0x63, 0x60, 0xFF, 0x01, 0xE0, 0x1F, 0x00, 0xFE, 0x03, 0x1C, 0x0C,
  0x30, 0x30, 0x00, 0xC0, 0x01, 0x80, 0x0F, 0x00, 0xFE, 0x03, 0x9C, 0x7C,
  0x33, 0x30, 0x7C, 0xC1, 0xE3, 0x03, 0x8C, 0x1E, 0x38, 0xCC, 0x7F, 0x38,
  0xF0, 0x70, 0xFF, 0xFC, 0x03, 0x0F, 0x1C, 0x38, 0x70, 0x60, 0x60, 0x60,
  0xE0, 0xE0, 0xE0, 0xE0, 0xE0, 0xE0, 0xE0, 0x60, 0x60, 0x60, 0x30, 0x38,
  0x1E, 0x0F, 0x03, 0xC1, 0xC1, 0xE0, 0xC1, 0xC1, 0x83, 0x83, 0x06, 0x0C,
  0x18, 0x30, 0x60, 0xC1, 0x83, 0x0E, 0x18, 0x71, 0xC7, 0x1C, 0x20, 0x00,
  0x06, 0x00, 0x30, 0x01, 0x81, 0x0C, 0x2E, 0x67, 0x7F, 0xFC, 0x7F, 0x00,
  0xE0, 0x0F, 0x80, 0xCC, 0x0E, 0x30, 0x61, 0xC1, 0x04, 0x00, 0x0C, 0x01,
  0x80, 0x30, 0x06, 0x00, 0xC1, 0xFF, 0xFF, 0xF8, 0x60, 0x0C, 0x01, 0x80,
  0x30, 0x06, 0x00, 0x77, 0x66, 0x6E, 0xEC, 0xFF, 0xFF, 0x7F, 0xF7, 0x00,
  0xE0, 0x18, 0x03, 0x00, 0xE0, 0x18, 0x07, 0x00, 0xC0, 0x18, 0x07, 0x00,
  0xC0, 0x18, 0x07, 0x00, 0xC0, 0x18, 0x07, 0x00, 0xC0, 0x18, 0x06, 0x00,
  0xC0, 0x38, 0x06, 0x00, 0xC0, 0x38, 0x06, 0x00, 0x1F, 0x1F, 0xEE, 0x1F,
  0x03, 0xC0, 0xF0, 0x3C, 0x0F, 0x33, 0xCE, 0xF3, 0x3C, 0x0F, 0x03, 0xC0,
  0xF0, 0x3C, 0x0F, 0x87, 0x7F, 0x87, 0xC0, 0x1E, 0x07, 0xC1, 0xD8, 0x73,
  0x0C, 0x61, 0x0C, 0x01, 0x80, 0x30, 0x06, 0x00, 0xC0, 0x18, 0x03, 0x00,
  0x60, 0x0C, 0x01, 0x80, 0x30, 0xFF, 0xFF, 0xFC, 0x1F, 0x0F, 0xF1, 0x87,
  0x60, 0x6C, 0x0C, 0x01, 0x80, 0x30, 0x06, 0x01, 0x80, 0x70, 0x1C, 0x07,
  0x01, 0xC0, 0x70, 0x1C, 0x03, 0x00, 0xFF, 0xFF, 0xFC, 0xFF, 0xFF, 0xF0,
  0x18, 0x0E, 0x07, 0x03, 0x81, 0xC0, 0x7C, 0x07, 0x80, 0x70, 0x0C, 0x03,
  0x00, 0xF0, 0x3C, 0x0F, 0x87, 0x7F, 0x8F, 0xC0, 0x03, 0x81, 0xC0, 0x60,
  0x30, 0x1C, 0x06, 0x03, 0x80, 0xC0, 0x60, 0xF8, 0x3C, 0x0F, 0x03, 0xFF,
  0xFF, 0xF0, 0x0C, 0x03, 0x00, 0xC0, 0x30, 0xFF, 0xFF, 0xFC, 0x03, 0x00,
  0xC0, 0x30, 0x0F, 0xF3, 0xFE, 0x01, 0xC0, 0x30, 0x0C, 0x03, 0x00, 0xF0,
  0x3C, 0x0F, 0x87, 0x7F, 0x87, 0x80, 0x07, 0x01, 0xC0, 0x30, 0x0C, 0x01,
  0x80, 0x60, 0x0F, 0x83, 0xFC, 0x61, 0xD8, 0x1B, 0x03, 0xE0, 0x3C, 0x07,
  0x81, 0xF0, 0x37, 0x0E, 0x7F, 0x83, 0xE0, 0xFF, 0xFF, 0xFF, 0x01, 0xE0,
  0x7C, 0x0C, 0x03, 0x80, 0x60, 0x0C, 0x03, 0x80, 0x60, 0x1C, 0x03, 0x00,
  0x60, 0x1C, 0x03, 0x00, 0x60, 0x1C, 0x03, 0x00, 0x1F, 0x0F, 0xF3, 0x87,
  0x60, 0x6C, 0x0D, 0x81, 0x98, 0x71, 0xF8, 0x3F, 0x8C, 0x3B, 0x03, 0x60,
  0x3C, 0x07, 0x80, 0xF0, 0x3F, 0x0E, 0x7F, 0x83, 0xE0, 0x1F, 0x0F, 0xF3,
  0x87, 0x60, 0x6C, 0x07, 0x80, 0xF0, 0x1E, 0x07, 0xE1, 0xCF, 0xF8, 0xF6,
  0x01, 0xC0, 0x30, 0x0E, 0x01, 0x80, 0x70, 0x1C, 0x03, 0x00, 0x7F, 0xF7,
  0x00, 0x00, 0x00, 0x7F, 0xF7, 0x7F, 0xF7, 0x00, 0x00, 0x00, 0x77, 0x66,
  0xEE, 0xCC, 0x00, 0x40, 0x70, 0x78, 0x78, 0x78, 0x38, 0x0E, 0x03, 0xE0,
  0x3E, 0x03, 0xE0, 0x3C, 0x03, 0xFF, 0xFF, 0xF0, 0x00, 0x00, 0x00, 0x00,
  0x0F, 0xFF, 0xFF, 0xC0, 0x3C, 0x07, 0xC0, 0x7C, 0x07, 0xC0, 0x70, 0x0C,
  0x0F, 0x0F, 0x0F, 0x0F, 0x03, 0x00, 0xFC, 0x7F, 0x01, 0xC0, 0x60, 0x38,
  0x1C, 0x0C, 0x0E, 0x3E, 0x1E, 0x0C, 0x06, 0x00, 0x00, 0x00, 0x00, 0x60,
  0x78, 0x18, 0x00, 0x0F, 0x83, 0xFE, 0x70, 0x76, 0x03, 0xC0, 0x3C, 0x3D,
  0xC7, 0xDC, 0x63, 0xC6, 0x3C, 0x61, 0xC6, 0x1C, 0x61, 0xC6, 0x3C, 0x63,
  0xC7, 0xFC, 0x1E, 0xC0, 0x0C, 0x00, 0x60, 0x07, 0x00, 0x3F, 0x80, 0xF8,
  0x07, 0x00, 0xF0, 0x0F, 0x00, 0xD8, 0x0D, 0x81, 0x98, 0x19, 0x81, 0x9C,
  0x18, 0xC3, 0x0C, 0x30, 0xC3, 0xFE, 0x3F, 0xE6, 0x06, 0x60, 0x66, 0x07,
  0x60, 0x3E, 0x03, 0xFF, 0x1F, 0xF3, 0x07, 0x60, 0x6C, 0x0D, 0x81, 0xB0,
  0x36, 0x0C, 0xFF, 0x1F, 0xF3, 0x07, 0x60, 0x6C, 0x07, 0x80, 0xF0, 0x3E,
  0x0E, 0xFF, 0xDF, 0xE0, 0x1F, 0x0F, 0xF1, 0xC7, 0x70, 0x6C, 0x0F, 0x80,
  0x30, 0x06, 0x00, 0xC0, 0x18, 0x03, 0x00, 0x60, 0x0C, 0x01, 0x81, 0xF8,
  0x33, 0x8E, 0x7F, 0x83, 0xE0, 0xFE, 0x3F, 0xEC, 0x1F, 0x03, 0xC0, 0xF0,
  0x3C, 0x0F, 0x03, 0xC0, 0xF0, 0x3C, 0x0F, 0x03, 0xC0, 0xF0, 0x3C, 0x0F,
  0x07, 0xFF, 0xBF, 0x80, 0xFF, 0xFF, 0xFE, 0x03, 0x80, 0xE0, 0x38, 0x0E,
  0x03, 0xFF, 0xFF, 0xF8, 0x0E, 0x03, 0x80, 0xE0, 0x38, 0x0E, 0x03, 0x80,
  0xFF, 0xFF, 0xF0, 0xFF, 0xFF, 0xFF, 0x00, 0x60, 0x0C, 0x01, 0x80, 0x30,
  0x06, 0x00, 0xFF, 0xDF, 0xFB, 0x00, 0x60, 0x0C, 0x01, 0x80, 0x30, 0x06,
  0x00, 0xC0, 0x18, 0x00, 0x1F, 0x1F, 0xE6, 0x1F, 0x83, 0xC0, 0xF0, 0x0C,
  0x03, 0x00, 0xC7, 0xF1, 0xFC, 0x0F, 0x03, 0xC0, 0xF0, 0x3E, 0x0D, 0x87,
  0x7F, 0x87, 0xC0, 0xC0, 0xF0, 0x3C, 0x0F, 0x03, 0xC0, 0xF0, 0x3C, 0x0F,
  0x03, 0xFF, 0xFF, 0xFC, 0x0F, 0x03, 0xC0, 0xF0, 0x3C, 0x0F, 0x03, 0xC0,
  0xF0, 0x30, 0xFF, 0xFF, 0xC6, 0x03, 0x01, 0x80, 0xC0, 0x60, 0x30, 0x18,
  0x0C, 0x06, 0x03, 0x01, 0x80, 0xC0, 0x60, 0x30, 0xFF, 0xFF, 0xC0, 0x00,
  0x60, 0x0C, 0x01, 0x80, 0x30, 0x06, 0x00, 0xC0, 0x18, 0x03, 0x00, 0x60,
  0x0C, 0x01, 0x80, 0x30, 0x07, 0x80, 0xF8, 0x3B, 0x8E, 0x7F, 0x83, 0xE0,
  0xC0, 0x78, 0x1B, 0x03, 0x60, 0xEC, 0x19, 0x87, 0x30, 0xC6, 0x38, 0xFE,
  0x1F, 0xC3, 0x1C, 0x61, 0x8C, 0x39, 0x83, 0x30, 0x76, 0x06, 0xC0, 0xF8,
  0x0C, 0xC0, 0x30, 0x0C, 0x03, 0x00, 0xC0, 0x30, 0x0C, 0x03, 0x00, 0xC0,
  0x30, 0x0C, 0x03, 0x00, 0xC0, 0x30, 0x0C, 0x03, 0x00, 0xFF, 0xFF, 0xF0,
  0xE1, 0xFC, 0x3F, 0xC5, 0xF9, 0xBD, 0x37, 0xA4, 0xF6, 0x9E, 0xF3, 0xCE,
  0x79, 0x8F, 0x01, 0xE0, 0x3C, 0x07, 0x80, 0xF0, 0x1E, 0x03, 0xC0, 0x78,
  0x0C, 0xE0, 0xFC, 0x3F, 0x0F, 0xC3, 0xD8, 0xF6, 0x3D, 0x8F, 0x33, 0xCC,
  0xF3, 0x3C, 0x6F, 0x1B, 0xC6, 0xF0, 0xFC, 0x3F, 0x0F, 0xC1, 0xF0, 0x70,
  0x1F, 0x1F, 0xE6, 0x1F, 0x83, 0xC0, 0xF0, 0x3C, 0x0F, 0x03, 0xC0, 0xF0,
  0x3C, 0x0F, 0x03, 0xC0, 0xF0, 0x3E, 0x0D, 0x87, 0x7F, 0x87, 0xC0, 0xFF,
  0x1F, 0xFB, 0x03, 0xE0, 0x3C, 0x07, 0x80, 0xF0, 0x1E, 0x07, 0xFF, 0xDF,
  0xE3, 0x00, 0x60, 0x0C, 0x01, 0x80, 0x30, 0x06, 0x00, 0xC0, 0x18, 0x00,
  0x1F, 0x0F, 0xF3, 0x87, 0x60, 0x6C, 0x0D, 0x81, 0xB0, 0x36, 0x06, 0xC0,
  0xD8, 0x1B, 0x03, 0x60, 0x6C, 0x0D, 0x81, 0xB0, 0x37, 0x0E, 0x7F, 0x83,
  0xE0, 0x0C, 0x00, 0xC0, 0x1C, 0x01, 0xC0, 0xFF, 0x1F, 0xFB, 0x07, 0x60,
  0x7C, 0x07, 0x80, 0xF0, 0x3E, 0x0E, 0xFF, 0xDF, 0xE3, 0x1C, 0x61, 0x8C,
  0x39, 0x83, 0x30, 0x76, 0x06, 0xC0, 0xD8, 0x1C, 0x1E, 0x0F, 0xF1, 0x87,
  0x70, 0x6C, 0x0D, 0x80, 0x38, 0x03, 0xC0, 0x3F, 0x01, 0xF0, 0x07, 0x00,
  0x60, 0x07, 0x81, 0xF0, 0x37, 0x0E, 0x7F, 0x83, 0xE0, 0xFF, 0xFF, 0xFF,
  0x06, 0x00, 0x60, 0x06, 0x00, 0x60, 0x06, 0x00, 0x60, 0x06, 0x00, 0x60,
  0x06, 0x00, 0x60, 0x06, 0x00, 0x60, 0x06, 0x00, 0x60, 0x06, 0x00, 0x60,
  0xC0, 0xF0, 0x3C, 0x0F, 0x03, 0xC0, 0xF0, 0x3C, 0x0F, 0x03, 0xC0, 0xF0,
  0x3C, 0x0F, 0x03, 0xC0, 0xF0, 0x3E, 0x0D, 0x87, 0x7F, 0x87, 0xC0, 0xE0,
  0x36, 0x03, 0x60, 0x76, 0x06, 0x70, 0x63, 0x06, 0x30, 0xE3, 0x0C, 0x30,
  0xC1, 0x8C, 0x19, 0xC1, 0x98, 0x19, 0x80, 0xD8, 0x0D, 0x80, 0xF0, 0x0F,
  0x00, 0x70, 0xE3, 0x0D, 0x8E, 0x36, 0x38, 0xD8, 0xE3, 0x63, 0x89, 0x9A,
  0x66, 0x69, 0x99, 0xA6, 0x64, 0x98, 0x93, 0x63, 0x4D, 0x8D, 0x36, 0x3C,
  0xD0, 0xF1, 0x43, 0xC7, 0x0F, 0x1C, 0x38, 0x70, 0xE1, 0xC0, 0xE0, 0x36,
  0x06, 0x30, 0xE3, 0x0C, 0x19, 0xC1, 0xD8, 0x0F, 0x80, 0xF0, 0x07, 0x00,
  0x70, 0x0F, 0x00, 0xD8, 0x19, 0x83, 0x8C, 0x30, 0xE7, 0x06, 0x60, 0x7E,
  0x03, 0xC0, 0x3B, 0x01, 0x98, 0x18, 0xE0, 0xC3, 0x0C, 0x1C, 0x60, 0x67,
  0x03, 0xB0, 0x0F, 0x80, 0x78, 0x01, 0xC0, 0x0C, 0x00, 0x60, 0x03, 0x00,
  0x18, 0x00, 0xC0, 0x06, 0x00, 0x30, 0x00, 0xFF, 0xFF, 0xF0, 0x0C, 0x06,
  0x03, 0x80, 0xC0, 0x70, 0x18, 0x0E, 0x03, 0x01, 0x80, 0xE0, 0x30, 0x1C,
  0x06, 0x03, 0x80, 0xFF, 0xFF, 0xF0, 0xFF, 0xFC, 0x30, 0xC3, 0x0C, 0x30,
  0xC3, 0x0C, 0x30, 0xC3, 0x0C, 0x30, 0xC3, 0x0C, 0x30, 0xC3, 0xFF, 0xC0,
  0xC0, 0x18, 0x01, 0x80, 0x30, 0x07, 0x00, 0x60, 0x0C, 0x01, 0xC0, 0x18,
  0x03, 0x00, 0x70, 0x06, 0x00, 0xC0, 0x0C, 0x01, 0x80, 0x38, 0x03, 0x00,
  0x60, 0x0E, 0x00, 0xC0, 0x18, 0x03, 0x80, 0x30, 0x07, 0xFF, 0xC6, 0x31,
  0x8C, 0x63, 0x18, 0xC6, 0x31, 0x8C, 0x63, 0x18, 0xC6, 0x31, 0xFF, 0xE0,
  0x0C, 0x03, 0x81, 0xA0, 0x6C, 0x33, 0x0C, 0x66, 0x19, 0x86, 0x60, 0xF0,
  0x30, 0xFF, 0xFF, 0xFF, 0xC3, 0x1C, 0x70, 0x1F, 0x1F, 0xEE, 0x1C, 0x03,
  0x00, 0xCF, 0xF7, 0xFF, 0x83, 0xC0, 0xF0, 0x3C, 0x0F, 0x87, 0x7E, 0xCF,
  0x30, 0xC0, 0x30, 0x0C, 0x03, 0x00, 0xCF, 0x37, 0xEF, 0x1F, 0x83, 0xC0,
  0xF0, 0x3C, 0x0F, 0x03, 0xC0, 0xF0, 0x3E, 0x0F, 0xC7, 0xDF, 0xB3, 0xC0,
  0x1F, 0x0F, 0xF1, 0xC7, 0x70, 0x6C, 0x0F, 0x80, 0x30, 0x06, 0x00, 0xC0,
  0x18, 0x1F, 0x83, 0x38, 0xE7, 0xF8, 0x3E, 0x00, 0x00, 0xC0, 0x30, 0x0C,
  0x03, 0x3C, 0xDF, 0xF6, 0x1F, 0x83, 0xC0, 0xF0, 0x3C, 0x0F, 0x03, 0xC0,
  0xF0, 0x3C, 0x0D, 0x87, 0x7F, 0xCF, 0xB0, 0x1F, 0x1F, 0xE6, 0x1F, 0x03,
  0xC0, 0xF0, 0x3F, 0xFF, 0xFF, 0xC0, 0x30, 0x0C, 0x0D, 0x87, 0x7F, 0x87,
  0xC0, 0x03, 0xF0, 0x7F, 0x0E, 0x00, 0xC0, 0x0C, 0x00, 0xC0, 0xFF, 0xFF,
  0xFF, 0x0C, 0x00, 0xC0, 0x0C, 0x00, 0xC0, 0x0C, 0x00, 0xC0, 0x0C, 0x00,
  0xC0, 0x0C, 0x00, 0xC0, 0x3E, 0xDF, 0xF6, 0x1F, 0x83, 0xC0, 0xF0, 0x3C,
  0x0F, 0x03, 0xC0, 0xF8, 0x36, 0x1D, 0xFF, 0x3E, 0xC0, 0x30, 0x0C, 0x07,
  0x3F, 0x8F, 0xC0, 0xC0, 0x30, 0x0C, 0x03, 0x00, 0xCF, 0x37, 0xEF, 0x1F,
  0x83, 0xC0, 0xF0, 0x3C, 0x0F, 0x03, 0xC0, 0xF0, 0x3C, 0x0F, 0x03, 0xC0,
  0xF0, 0x30, 0x0E, 0x01, 0xC0, 0x38, 0x00, 0x00, 0x00, 0xFC, 0x1F, 0x80,
  0x30, 0x06, 0x00, 0xC0, 0x18, 0x03, 0x00, 0x60, 0x0C, 0x01, 0x80, 0x30,
  0x06, 0x1F, 0xFF, 0xFF, 0x80, 0x03, 0x03, 0xC0, 0xC0, 0x00, 0x07, 0xFB,
  0xFC, 0x06, 0x03, 0x01, 0x80, 0xC0, 0x60, 0x30, 0x18, 0x0C, 0x06, 0x03,
  0x01, 0x80, 0xC0, 0x60, 0x77, 0xF3, 0xF0, 0xC0, 0x18, 0x03, 0x00, 0x60,
  0x0C, 0x0F, 0x81, 0xB0, 0x76, 0x0C, 0xC3, 0x18, 0xE3, 0xF8, 0x7F, 0x0C,
  0x71, 0x87, 0x30, 0x66, 0x0E, 0xC0, 0xD8, 0x0C, 0xFC, 0x0F, 0xC0, 0x0C,
  0x00, 0xC0, 0x0C, 0x00, 0xC0, 0x0C, 0x00, 0xC0, 0x0C, 0x00, 0xC0, 0x0C,
  0x00, 0xC0, 0x0C, 0x00, 0xC0, 0x0C, 0x00, 0xE0, 0x07, 0xF0, 0x3F, 0xDC,
  0xED, 0xFF, 0xE6, 0x3C, 0x63, 0xC6, 0x3C, 0x63, 0xC6, 0x3C, 0x63, 0xC6,
  0x3C, 0x63, 0xC6, 0x3C, 0x63, 0xC6, 0x3C, 0x63, 0xCF, 0x37, 0xEF, 0x1F,
  0x83, 0xC0, 0xF0, 0x3C, 0x0F, 0x03, 0xC0, 0xF0, 0x3C, 0x0F, 0x03, 0xC0,
  0xF0, 0x30, 0x1F, 0x1F, 0xE6, 0x1F, 0x83, 0xC0, 0xF0, 0x3C, 0x0F, 0x03,
  0xC0, 0xF0, 0x3E, 0x0D, 0x87, 0x7F, 0x87, 0xC0, 0xCF, 0x37, 0xEF, 0x1F,
  0x83, 0xC0, 0xF0, 0x3C, 0x0F, 0x03, 0xC0, 0xF0, 0x3E, 0x0F, 0xC7, 0xDF,
  0xB3, 0xCC, 0x03, 0x00, 0xC0, 0x30, 0x00, 0x3C, 0xDF, 0xF6, 0x1F, 0x03,
  0xC0, 0xF0, 0x3C, 0x0F, 0x03, 0xC0, 0xF0, 0x3C, 0x0D, 0x87, 0x7F, 0xCF,
  0xB0, 0x0C, 0x03, 0x00, 0xC0, 0x30, 0xDF, 0x3F, 0xEE, 0x1B, 0x07, 0xC1,
  0xF0, 0x3C, 0x03, 0x00, 0xC0, 0x30, 0x0C, 0x03, 0x00, 0xC0, 0x30, 0x00,
  0x3F, 0x1F, 0xEE, 0x1F, 0x03, 0xC0, 0x3C, 0x07, 0xF8, 0x7F, 0x00, 0xC0,
  0x3C, 0x0F, 0x83, 0x7F, 0xCF, 0xC0, 0x0C, 0x01, 0x80, 0x30, 0x06, 0x0F,
  0xFF, 0xFF, 0xC3, 0x00, 0x60, 0x0C, 0x01, 0x80, 0x30, 0x06, 0x00, 0xC0,
  0x18, 0x03, 0x00, 0x60, 0x0F, 0xE0, 0x7C, 0xC0, 0xF0, 0x3C, 0x0F, 0x03,
  0xC0, 0xF0, 0x3C, 0x0F, 0x03, 0xC0, 0xF0, 0x3E, 0x0D, 0xC7, 0x7F, 0x87,
  0xC0, 0xE0, 0x36, 0x07, 0x60, 0x67, 0x06, 0x30, 0xE3, 0x0C, 0x38, 0xC1,
  0x8C, 0x19, 0x81, 0xD8, 0x0D, 0x80, 0xF0, 0x0F, 0x00, 0x70, 0xC6, 0x1E,
  0x38, 0xB1, 0xC5, 0x8E, 0x6C, 0xD3, 0x26, 0x99, 0x34, 0xCD, 0x34, 0x69,
  0xA3, 0x4D, 0x1E, 0x78, 0x71, 0xC3, 0x8E, 0x18, 0x70, 0xE0, 0x77, 0x0E,
  0x38, 0xC1, 0x9C, 0x1D, 0x80, 0xF0, 0x07, 0x00, 0xF0, 0x0F, 0x81, 0xD8,
  0x39, 0xC3, 0x0E, 0x70, 0x6E, 0x07, 0xE0, 0x36, 0x07, 0x70, 0x63, 0x06,
  0x30, 0xC3, 0x8C, 0x18, 0xC1, 0x98, 0x0D, 0x80, 0xD8, 0x0F, 0x00, 0x70,
  0x07, 0x00, 0x60, 0x06, 0x00, 0xC0, 0x0C, 0x01, 0xC0, 0xFF, 0xFF, 0xF0,
  0x1C, 0x0E, 0x03, 0x01, 0x80, 0xE0, 0x70, 0x18, 0x0C, 0x07, 0x03, 0x80,
  0xFF, 0xFF, 0xF0, 0x01, 0xC1, 0xF0, 0x60, 0x18, 0x06, 0x01, 0x80, 0x60,
  0x18, 0x06, 0x03, 0x8F, 0xC3, 0xF0, 0x0E, 0x01, 0x80, 0x60, 0x18, 0x06,
  0x01, 0x80, 0x60, 0x18, 0x06, 0x01, 0xF0, 0x1C, 0xFF, 0xFF, 0xFF, 0xFF,
  0xFF, 0xFF, 0xF0, 0x1F, 0x00, 0x70, 0x06, 0x00, 0xC0, 0x38, 0x06, 0x00,
  0xC0, 0x18, 0x03, 0x80, 0x3F, 0x87, 0xF1, 0xC0, 0x30, 0x06, 0x00, 0xC0,
  0x18, 0x03, 0x80, 0x30, 0x06, 0x01, 0xC1, 0xF0, 0x3C, 0x00, 0x78, 0x7F,
  0x8F, 0x31, 0xE3, 0xEC, 0x38,
};

const GFXglyph RiposteMono12_Glyphs[] PROGMEM = {
  {     0,   1,   1,  14,    0,     0 },   // ' '
  {     1,   4,  18,  14,    5,   -17 },   // '!'
  {    10,   8,   7,  14,    3,   -17 },   // '"'
  {    17,  13,  18,  14,    1,   -17 },   // '#'
  {    47,  11,  25,  14,    2,   -21 },   // '$'
  {    82,  14,  18,  14,    0,   -17 },   // '%'
  {   114,  14,  18,  14,    1,   -17 },   // '&'
  {   146,   2,   7,  14,    6,   -17 },   // '''
  {   148,   8,  23,  14,    4,   -19 },   // '('
  {   171,   7,  23,  14,    3,   -19 },   // ')'
  {   192,  13,  13,  14,    1,   -14 },   // '*'
  {   214,  11,  12,  14,    2,   -13 },   // '+'
  {   231,   4,   8,  14,    5,    -3 },   // ','
  {   235,   8,   2,  14,    3,    -8 },   // '-'
  {   237,   4,   4,  14,    5,    -3 },   // '.'
  {   239,  11,  24,  14,    2,   -20 },   // '/'
  {   272,  10,  18,  14,    2,   -17 },   // '0'
  {   295,  11,  18,  14,    2,   -17 },   // '1'
  {   320,  11,  18,  14,    2,   -17 },   // '2'
  {   345,  10,  18,  14,    2,   -17 },   // '3'
  {   368,  10,  18,  14,    2,   -17 },   // '4'
  {   391,  10,  18,  14,    2,   -17 },   // '5'
  {   414,  11,  18,  14,    2,   -17 },   // '6'
  {   439,  11,  18,  14,    2,   -17 },   // '7'
  {   464,  11,  18,  14,    2,   -17 },   // '8'
  {   489,  11,  18,  14,    2,   -17 },   // '9'
  {   514,   4,  14,  14,    5,   -13 },   // ':'
  {   521,   4,  18,  14,    5,   -13 },   // ';'
  {   530,  10,  12,  14,    2,   -13 },   // '<'
  {   545,  10,   8,  14,    2,   -11 },   // '='
  {   555,  10,  12,  14,    2,   -13 },   // '>'
  {   570,   9,  18,  14,    3,   -17 },   // '?'
  {   591,  12,  22,  14,    1,   -17 },   // '@'
  {   624,  12,  18,  14,    1,   -17 },   // 'A'
  {   651,  11,  18,  14,    2,   -17 },   // 'B'
  {   676,  11,  18,  14,    2,   -17 },   // 'C'
  {   701,  10,  18,  14,    2,   -17 },   // 'D'
  {   724,  10,  18,  14,    2,   -17 },   // 'E'
  {   747,  11,  18,  14,    2,   -17 },   // 'F'
  {   772,  10,  18,  14,    2,   -17 },   // 'G'
  {   795,  10,  18,  14,    2,   -17 },   // 'H'
  {   818,   9,  18,  14,    3,   -17 },   // 'I'
  {   839,  11,  18,  14,    1,   -17 },   // 'J'
  {   864,  11,  18,  14,    2,   -17 },   // 'K'
  {   889,  10,  18,  14,    3,   -17 },   // 'L'
  {   912,  11,  18,  14,    2,   -17 },   // 'M'
  {   937,  10,  18,  14,    2,   -17 },   // 'N'
  {   960,  10,  18,  14,    2,   -17 },   // 'O'
  {   983,  11,  18,  14,    2,   -17 },   // 'P'
  {  1008,  11,  22,  14,    2,   -17 },   // 'Q'
  {  1039,  11,  18,  14,    2,   -17 },   // 'R'
  {  1064,  11,  18,  14,    2,   -17 },   // 'S'
  {  1089,  12,  18,  14,    1,   -17 },   // 'T'
  {  1116,  10,  18,  14,    2,   -17 },   // 'U'
  {  1139,  12,  18,  14,    1,   -17 },   // 'V'
  {  1166,  14,  18,  14,    0,   -17 },   // 'W'
  {  1198,  12,  18,  14,    1,   -17 },   // 'X'
  {  1225,  13,  18,  14,    1,   -17 },   // 'Y'
  {  1255,  10,  18,  14,    2,   -17 },   // 'Z'
  {  1278,   6,  23,  14,    5,   -19 },   // '['
  {  1296,  11,  24,  14,    2,   -20 },   // '\\'
  {  1329,   5,  23,  14,    4,   -19 },   // ']'
  {  1344,  10,  10,  14,    2,   -17 },   // '^'
  {  1357,  12,   2,  14,    1,     1 },   // '_'
  {  1360,   5,   4,  14,    4,   -19 },   // '`'
  {  1363,  10,  14,  14,    2,   -13 },   // 'a'
  {  1381,  10,  18,  14,    2,   -17 },   // 'b'
  {  1404,  11,  14,  14,    2,   -13 },   // 'c'
  {  1424,  10,  18,  14,    2,   -17 },   // 'd'
  {  1447,  10,  14,  14,    2,   -13 },   // 'e'
  {  1465,  12,  18,  14,    1,   -17 },   // 'f'
  {  1492,  10,  18,  14,    2,   -13 },   // 'g'
  {  1515,  10,  18,  14,    2,   -17 },   // 'h'
  {  1538,  11,  19,  14,    2,   -18 },   // 'i'
  {  1565,   9,  23,  14,    2,   -18 },   // 'j'
  {  1591,  11,  18,  14,    2,   -17 },   // 'k'
  {  1616,  12,  18,  14,    1,   -17 },   // 'l'
  {  1643,  12,  14,  14,    1,   -13 },   // 'm'
  {  1664,  10,  14,  14,    2,   -13 },   // 'n'
  {  1682,  10,  14,  14,    2,   -13 },   // 'o'
  {  1700,  10,  18,  14,    2,   -13 },   // 'p'
  {  1723,  10,  18,  14,    2,   -13 },   // 'q'
  {  1746,  10,  14,  14,    3,   -13 },   // 'r'
  {  1764,  10,  14,  14,    2,   -13 },   // 's'
  {  1782,  11,  18,  14,    1,   -17 },   // 't'
  {  1807,  10,  14,  14,    2,   -13 },   // 'u'
  {  1825,  12,  14,  14,    1,   -13 },   // 'v'
  {  1846,  13,  14,  14,    1,   -13 },   // 'w'
  {  1869,  12,  14,  14,    1,   -13 },   // 'x'
  {  1890,  12,  18,  14,    1,   -13 },   // 'y'
  {  1917,  10,  14,  14,    2,   -13 },   // 'z'
  {  1935,  10,  23,  14,    2,   -19 },   // '{'
  {  1964,   2,  24,  14,    6,   -20 },   // '|'
  {  1970,  11,  23,  14,    2,   -19 },   // '}'
  {  2002,  11,   5,  14,    2,   -10 },   // '~'
};

const GFXfont RiposteMono12 PROGMEM = {
  (uint8_t  *)RiposteMono12_Bitmaps,
  (GFXglyph *)RiposteMono12_Glyphs,
  0x20, 0x7E, 31 };

// RiposteMonoBold12: generated from JetBrainsMono-Bold.ttf at 12pt @ 141dpi,
// chars 0x20-0x7E. Adafruit GFX format.
const uint8_t RiposteMonoBold12_Bitmaps[] PROGMEM = {
  0x00, 0x77, 0x77, 0x77, 0x77, 0x77, 0x77, 0x70, 0x07, 0xF7, 0xE7, 0xF3,
  0xF9, 0xFC, 0x7E, 0x3F, 0x1B, 0x8C, 0x0C, 0x70, 0x63, 0x07, 0x18, 0x30,
  0xC7, 0xFF, 0xBF, 0xFD, 0xFF, 0xE3, 0x18, 0x38, 0xC1, 0x86, 0x0C, 0x31,
  0xFF, 0xEF, 0xFF, 0x7F, 0xF9, 0xC6, 0x0C, 0x30, 0x61, 0x83, 0x1C, 0x00,
  0x06, 0x00, 0x60, 0x06, 0x00, 0xF0, 0x3F, 0xC7, 0xFE, 0x76, 0xE7, 0x67,
  0x76, 0x07, 0x60, 0x7E, 0x03, 0xF0, 0x1F, 0xC0, 0xFE, 0x07, 0xF0, 0x67,
  0x06, 0x7E, 0x67, 0x76, 0xF7, 0xFE, 0x3F, 0xC0, 0xF8, 0x06, 0x00, 0x60,
  0x06, 0x00, 0x3C, 0x0D, 0xF8, 0x6E, 0x61, 0xB1, 0x8C, 0xC6, 0x63, 0x1B,
  0x87, 0xEC, 0x0F, 0x60, 0x03, 0x80, 0x0C, 0x00, 0x67, 0x83, 0xBF, 0x0D,
  0xCC, 0x66, 0x33, 0x98, 0xCC, 0x73, 0x60, 0xFF, 0x81, 0xE0, 0x0F, 0x80,
  0x3F, 0x80, 0x7F, 0x81, 0xC7, 0x03, 0x86, 0x03, 0x80, 0x07, 0x00, 0x07,
  0x00, 0x3F, 0x00, 0xFF, 0x3D, 0xCE, 0x77, 0x0F, 0xCE, 0x0F, 0x1C, 0x1E,
  0x1C, 0x7C, 0x3F, 0xFC, 0x7F, 0x9C, 0x3C, 0x3C, 0xFF, 0xFF, 0xF8, 0x03,
  0x0F, 0x1F, 0x3C, 0x78, 0x70, 0xE0, 0xE0, 0xE0, 0xE0, 0xE0, 0xE0, 0xE0,
  0xE0, 0xE0, 0xE0, 0xF0, 0x70, 0x78, 0x3E, 0x1F, 0x0F, 0x03, 0xC1, 0xE3,
  0xE3, 0xE1, 0xC3, 0xC3, 0x87, 0x0E, 0x1C, 0x38, 0x70, 0xE1, 0xC3, 0x87,
  0x0E, 0x3C, 0xF3, 0xCF, 0x1C, 0x20, 0x00, 0x06, 0x00, 0x30, 0x01, 0x81,
  0x0C, 0x2F, 0x67, 0x7F, 0xFC, 0xFF, 0x81, 0xE0, 0x0F, 0x80, 0xEE, 0x0E,
  0x70, 0xE1, 0xC1, 0x04, 0x00, 0x07, 0x00, 0x70, 0x07, 0x00, 0x70, 0x07,
  0x0F, 0xFF, 0xFF, 0xFF, 0xFF, 0x07, 0x00, 0x70, 0x07, 0x00, 0x70, 0x77,
  0xFE, 0xEE, 0xEE, 0xFF, 0xFF, 0xFF, 0x7F, 0xFF, 0x70, 0x00, 0x70, 0x0F,
  0x00, 0xE0, 0x0E, 0x01, 0xE0, 0x1C, 0x01, 0xC0, 0x38, 0x03, 0x80, 0x38,
  0x07, 0x00, 0x70, 0x07, 0x00, 0xE0, 0x0E, 0x01, 0xE0, 0x1C, 0x01, 0xC0,
  0x3C, 0x03, 0x80, 0x38, 0x07, 0x00, 0x70, 0x0F, 0x00, 0x1F, 0x0F, 0xF3,
  0xFF, 0x70, 0xFE, 0x0F, 0x81, 0xF0, 0x3E, 0x27, 0xCE, 0xF9, 0x9F, 0x03,
  0xE0, 0x7C, 0x0F, 0xC1, 0xF8, 0x7F, 0xFE, 0x7F, 0x87, 0xE0, 0x1F, 0x07,
  0xE1, 0xFC, 0x7B, 0x8E, 0x71, 0x0E, 0x01, 0xC0, 0x38, 0x07, 0x00, 0xE0,
  0x1C, 0x03, 0x80, 0x70, 0x0E, 0x01, 0xC7, 0xFF, 0xFF, 0xFF, 0xFC, 0x1F,
  0x0F, 0xF3, 0xFF, 0x70, 0xEE, 0x1F, 0xC1, 0xC0, 0x78, 0x0E, 0x03, 0xC0,
  0xF0, 0x3C, 0x0F, 0x03, 0xC0, 0xF0, 0x1C, 0x07, 0xFF, 0xFF, 0xFF, 0xFC,
  0x7F, 0xE7, 0xFE, 0x7F, 0xE0, 0x1C, 0x03, 0x80, 0x70, 0x0E, 0x00, 0xFC,
  0x0F, 0xE0, 0x0E, 0x00, 0xF0, 0x07, 0x00, 0x7F, 0x07, 0x70, 0xE7, 0xFE,
  0x3F, 0xC1, 0xF8, 0x01, 0xC0, 0x70, 0x1E, 0x03, 0x80, 0xE0, 0x3C, 0x07,
  0x01, 0xE0, 0x38, 0xEE, 0x1F, 0xC3, 0xF0, 0x7F, 0xFF, 0xFF, 0xFF, 0xF8,
  0x07, 0x00, 0xE0, 0x1C, 0x7F, 0xE7, 0xFE, 0x7F, 0xE7, 0x00, 0x70, 0x07,
  0x00, 0x7F, 0x07, 0xFC, 0x7F, 0xE0, 0x0E, 0x00, 0x70, 0x07, 0x80, 0x77,
  0x07, 0x70, 0xE7, 0xFE, 0x3F, 0xC1, 0xF8, 0x07, 0x80, 0x70, 0x0F, 0x00,
  0xE0, 0x1C, 0x01, 0xC0, 0x38, 0x03, 0xFC, 0x7F, 0xE7, 0x0F, 0xF0, 0x7E,
  0x07, 0xE0, 0x7E, 0x07, 0x70, 0xF7, 0xFE, 0x3F, 0xC0, 0xF8, 0xFF, 0xFF,
  0xFF, 0xFF, 0xF0, 0x7E, 0x1F, 0xC3, 0x80, 0x70, 0x1C, 0x03, 0x80, 0xF0,
  0x1C, 0x07, 0x80, 0xE0, 0x1C, 0x07, 0x80, 0xE0, 0x3C, 0x07, 0x00, 0x0F,
  0x83, 0xFC, 0x7F, 0xE7, 0x0F, 0x70, 0x77, 0x07, 0x78, 0xE3, 0xFC, 0x1F,
  0xC7, 0xFE, 0x70, 0xFE, 0x07, 0xE0, 0x7E, 0x07, 0x70, 0xF7, 0xFE, 0x3F,
  0xE1, 0xF8, 0x0F, 0x83, 0xFC, 0x7F, 0xE7, 0x0F, 0xE0, 0x7E, 0x07, 0xE0,
  0x77, 0x0F, 0x7F, 0xF3, 0xFE, 0x1F, 0xE0, 0x1C, 0x03, 0xC0, 0x38, 0x07,
  0x80, 0x70, 0x0F, 0x01, 0xE0, 0x7F, 0xF7, 0x00, 0x00, 0x00, 0x7F, 0xF7,
  0x3B, 0xDE, 0x70, 0x00, 0x00, 0x00, 0x0E, 0xF7, 0xB9, 0xCE, 0x77, 0x00,
  0x00, 0x60, 0x7C, 0x3F, 0x1F, 0x8F, 0xC1, 0xE0, 0x38, 0x07, 0xE0, 0x3F,
  0x01, 0xF8, 0x0F, 0x80, 0x70, 0x02, 0xFF, 0xFF, 0xFF, 0xFC, 0x00, 0x00,
  0x00, 0x0F, 0xFF, 0xFF, 0xFF, 0xC0, 0xC0, 0x1E, 0x03, 0xF0, 0x1F, 0x80,
  0xFC, 0x03, 0xC0, 0x78, 0x3F, 0x1F, 0x8F, 0xC3, 0xC0, 0x60, 0x08, 0x00,
  0xFC, 0x7F, 0xBF, 0xC0, 0xF0, 0x38, 0x1C, 0x1E, 0xFE, 0x7F, 0x3E, 0x1C,
  0x0E, 0x00, 0x00, 0x00, 0x00, 0x60, 0x78, 0x38, 0x00, 0x0F, 0x81, 0xFF,
  0x1F, 0xFD, 0xE0, 0xEE, 0x03, 0xF1, 0xDF, 0x1F, 0xF8, 0xC7, 0xC6, 0x3E,
  0x31, 0xF1, 0x8F, 0x8C, 0x7C, 0x63, 0xE3, 0x1F, 0x1F, 0xD8, 0x7C, 0xE0,
  0x07, 0x00, 0x1C, 0x00, 0xFF, 0x03, 0xF8, 0x07, 0xC0, 0x0F, 0x00, 0x78,
  0x03, 0xE0, 0x3F, 0x01, 0xD8, 0x0E, 0xC0, 0x67, 0x07, 0x38, 0x39, 0xC1,
  0xC6, 0x0E, 0x38, 0xFF, 0xC7, 0xFE, 0x3F, 0xF1, 0xC1, 0xDC, 0x0E, 0xE0,
  0x77, 0x03, 0xC0, 0xFF, 0x1F, 0xFB, 0xFF, 0x70, 0xFE, 0x0F, 0xC1, 0xF8,
  0x77, 0xFE, 0xFF, 0x1F, 0xFB, 0x87, 0xF0, 0x7E, 0x0F, 0xC1, 0xF8, 0x7F,
  0xFF, 0xFF, 0xDF, 0xE0, 0x1F, 0x0F, 0xFB, 0xFF, 0x70, 0xFE, 0x0F, 0xC0,
  0x38, 0x07, 0x00, 0xE0, 0x1C, 0x03, 0x80, 0x70, 0x0E, 0x01, 0xC1, 0xF8,
  0x7F, 0xFE, 0x7F, 0xC3, 0xE0, 0xFF, 0x1F, 0xF3, 0xFF, 0x70, 0xEE, 0x0F,
  0xC1, 0xF8, 0x3F, 0x07, 0xE0, 0xFC, 0x1F, 0x83, 0xF0, 0x7E, 0x0F, 0xC1,
  0xF8, 0x7F, 0xFE, 0xFF, 0x9F, 0xE0, 0xFF, 0xFF, 0xFF, 0xFF, 0xF0, 0x0E,
  0x01, 0xC0, 0x38, 0x07, 0xFE, 0xFF, 0xDF, 0xFB, 0x80, 0x70, 0x0E, 0x01,
  0xC0, 0x38, 0x07, 0xFF, 0xFF, 0xFF, 0xFC, 0xFF, 0xFF, 0xFF, 0xFF, 0xF0,
  0x0E, 0x01, 0xC0, 0x38, 0x07, 0xFE, 0xFF, 0xDF, 0xFB, 0x80, 0x70, 0x0E,
  0x01, 0xC0, 0x38, 0x07, 0x00, 0xE0, 0x1C, 0x00, 0x1F, 0x0F, 0xF3, 0xFF,
  0x70, 0xFE, 0x0F, 0xC0, 0x38, 0x07, 0x00, 0xE7, 0xFC, 0xFF, 0x9F, 0xF0,
  0x7E, 0x0F, 0xC1, 0xF8, 0x7F, 0xFE, 0x7F, 0x83, 0xE0, 0xE0, 0xFC, 0x1F,
  0x83, 0xF0, 0x7E, 0x0F, 0xC1, 0xF8, 0x3F, 0xFF, 0xFF, 0xFF, 0xFF, 0x83,
  0xF0, 0x7E, 0x0F, 0xC1, 0xF8, 0x3F, 0x07, 0xE0, 0xFC, 0x1C, 0xFF, 0xFF,
  0xFF, 0xFC, 0x38, 0x0E, 0x03, 0x80, 0xE0, 0x38, 0x0E, 0x03, 0x80, 0xE0,
  0x38, 0x0E, 0x03, 0x80, 0xE3, 0xFF, 0xFF, 0xFF, 0xF0, 0x00, 0xE0, 0x1C,
  0x03, 0x80, 0x70, 0x0E, 0x01, 0xC0, 0x38, 0x07, 0x00, 0xE0, 0x1C, 0x03,
  0x80, 0x7E, 0x0F, 0xC1, 0xF8, 0x3F, 0xFE, 0x7F, 0xC3, 0xE0, 0xE0, 0xEE,
  0x0E, 0xE1, 0xCE, 0x1C, 0xE3, 0x8E, 0x38, 0xE7, 0x0F, 0xF0, 0xFF, 0x0F,
  0xF0, 0xE7, 0x0E, 0x78, 0xE3, 0x8E, 0x3C, 0xE1, 0xCE, 0x1E, 0xE0, 0xEE,
  0x0F, 0xE0, 0x38, 0x0E, 0x03, 0x80, 0xE0, 0x38, 0x0E, 0x03, 0x80, 0xE0,
  0x38, 0x0E, 0x03, 0x80, 0xE0, 0x38, 0x0E, 0x03, 0xFF, 0xFF, 0xFF, 0xF0,
  0xF0, 0xFF, 0x8F, 0xF8, 0xBF, 0x9B, 0xF9, 0xBE, 0xDF, 0xEF, 0x7E, 0xF7,
  0xEF, 0x7E, 0x77, 0xE0, 0x7E, 0x07, 0xE0, 0x7E, 0x07, 0xE0, 0x7E, 0x07,
  0xE0, 0x7E, 0x07, 0xF0, 0xFE, 0x1F, 0xC3, 0xFC, 0x7F, 0x8F, 0xB1, 0xF7,
  0x3E, 0xE7, 0xCC, 0xF9, 0xDF, 0x3B, 0xE3, 0x7C, 0x7F, 0x8F, 0xF0, 0xFE,
  0x1F, 0xC3, 0xF8, 0x3C, 0x1F, 0x0F, 0xF3, 0xFF, 0x70, 0xEE, 0x0F, 0xC1,
  0xF8, 0x3F, 0x07, 0xE0, 0xFC, 0x1F, 0x83, 0xF0, 0x7E, 0x0F, 0xC1, 0xF8,
  0x77, 0xFE, 0x7F, 0x83, 0xE0, 0xFF, 0x1F, 0xFB, 0xFF, 0xF0, 0x7E, 0x0F,
  0xC1, 0xF8, 0x3F, 0x07, 0xFF, 0xFF, 0xFB, 0xFC, 0x70, 0x0E, 0x01, 0xC0,
  0x38, 0x07, 0x00, 0xE0, 0x1C, 0x00, 0x1F, 0x0F, 0xF3, 0xFF, 0x70, 0xEE,
  0x0F, 0xC1, 0xF8, 0x3F, 0x07, 0xE0, 0xFC, 0x1F, 0x83, 0xF0, 0x7E, 0x0F,
  0xC1, 0xF8, 0x7F, 0xFE, 0x7F, 0x83, 0xE0, 0x0E, 0x01, 0xE0, 0x1C, 0x03,
  0xC0, 0xFF, 0x1F, 0xFB, 0xFF, 0x70, 0xFE, 0x0F, 0xC1, 0xF8, 0x3F, 0x0F,
  0xFF, 0xDF, 0xF3, 0xFC, 0x73, 0x8E, 0x39, 0xC7, 0x38, 0x77, 0x0E, 0xE1,
  0xFC, 0x1C, 0x0F, 0x83, 0xFC, 0x7F, 0xE7, 0x0E, 0x70, 0x77, 0x00, 0x70,
  0x07, 0xF0, 0x3F, 0xC0, 0xFE, 0x01, 0xF0, 0x07, 0x00, 0x7E, 0x07, 0x70,
  0xF7, 0xFE, 0x3F, 0xE0, 0xF8, 0xFF, 0xFF, 0xFF, 0xFF, 0xF0, 0x70, 0x07,
  0x00, 0x70, 0x07, 0x00, 0x70, 0x07, 0x00, 0x70, 0x07, 0x00, 0x70, 0x07,
  0x00, 0x70, 0x07, 0x00, 0x70, 0x07, 0x00, 0x70, 0xE0, 0xFC, 0x1F, 0x83,
  0xF0, 0x7E, 0x0F, 0xC1, 0xF8, 0x3F, 0x07, 0xE0, 0xFC, 0x1F, 0x83, 0xF0,
  0x7E, 0x0F, 0xC1, 0xF8, 0x77, 0xFE, 0x7F, 0x87, 0xE0, 0xE0, 0x7F, 0x03,
  0xB8, 0x1C, 0xE0, 0xE7, 0x06, 0x38, 0x71, 0xC3, 0x87, 0x1C, 0x38, 0xC1,
  0xCE, 0x0E, 0x70, 0x3B, 0x81, 0xDC, 0x0E, 0xC0, 0x7E, 0x01, 0xF0, 0x0F,
  0x80, 0x78, 0x00, 0xE3, 0x8F, 0x8E, 0x76, 0x39, 0xD8, 0xE7, 0x67, 0x9D,
  0x9A, 0x66, 0x69, 0x99, 0xA6, 0x76, 0x99, 0xD3, 0x67, 0x4D, 0x8D, 0x36,
  0x3C, 0xD8, 0xF3, 0xE3, 0xCF, 0x8F, 0x1C, 0x3C, 0x70, 0xF1, 0xC0, 0xF0,
  0x73, 0x87, 0x9E, 0x38, 0x73, 0xC3, 0xDC, 0x0F, 0xE0, 0x7E, 0x01, 0xF0,
  0x0F, 0x00, 0x78, 0x03, 0xE0, 0x3F, 0x01, 0xDC, 0x1C, 0xE0, 0xE3, 0x8E,
  0x1C, 0xF0, 0x77, 0x03, 0xC0, 0xE0, 0x3F, 0x03, 0x9C, 0x1C, 0xE1, 0xC3,
  0x8E, 0x1C, 0xE0, 0xF7, 0x03, 0xB8, 0x1F, 0x80, 0x7C, 0x03, 0xC0, 0x0E,
  0x00, 0x70, 0x03, 0x80, 0x1C, 0x00, 0xE0, 0x07, 0x00, 0x38, 0x00, 0xFF,
  0xDF, 0xFB, 0xFF, 0x01, 0xE0, 0x38, 0x0F, 0x01, 0xC0, 0x78, 0x0E, 0x03,
  0x80, 0x70, 0x1C, 0x07, 0x80, 0xE0, 0x3C, 0x07, 0xFF, 0xFF, 0xFF, 0xFC,
  0xFF, 0xFF, 0xFF, 0x0E, 0x1C, 0x38, 0x70, 0xE1, 0xC3, 0x87, 0x0E, 0x1C,
  0x38, 0x70, 0xE1, 0xC3, 0x87, 0x0E, 0x1F, 0xFF, 0xFF, 0xF0, 0x07, 0x00,
  0x70, 0x03, 0x80, 0x38, 0x03, 0x80, 0x1C, 0x01, 0xC0, 0x1C, 0x00, 0xE0,
  0x0E, 0x00, 0xE0, 0x07, 0x00, 0x70, 0x07, 0x80, 0x38, 0x03, 0x80, 0x1C,
  0x01, 0xC0, 0x1C, 0x00, 0xE0, 0x0E, 0x00, 0xE0, 0x07, 0xFF, 0xFF, 0xF8,
  0x70, 0xE1, 0xC3, 0x87, 0x0E, 0x1C, 0x38, 0x70, 0xE1, 0xC3, 0x87, 0x0E,
  0x1C, 0x38, 0x70, 0xFF, 0xFF, 0xFF, 0x0E, 0x03, 0xC0, 0x7C, 0x1D, 0x83,
  0xB8, 0xE7, 0x1C, 0x63, 0x0E, 0xE1, 0xDC, 0x1C, 0xFF, 0xFF, 0xFF, 0xFF,
  0xF0, 0xF1, 0xE3, 0x87, 0x1F, 0x83, 0xFC, 0x7F, 0xE7, 0x0E, 0x00, 0x71,
  0xFF, 0x7F, 0xF7, 0x07, 0xE0, 0x7E, 0x0F, 0xF0, 0xF7, 0xFF, 0x7F, 0x73,
  0xE7, 0xE0, 0x1C, 0x03, 0x80, 0x70, 0x0E, 0xF1, 0xFF, 0xBF, 0xF7, 0x0F,
  0xE0, 0xFC, 0x1F, 0x83, 0xF0, 0x7E, 0x0F, 0xC1, 0xF8, 0x7F, 0xFE, 0xFF,
  0xDD, 0xE0, 0x1F, 0x0F, 0xFB, 0xFF, 0x70, 0xFE, 0x0F, 0xC0, 0x38, 0x07,
  0x00, 0xE0, 0x1C, 0x1F, 0x87, 0xFF, 0xE7, 0xFC, 0x3E, 0x00, 0x00, 0xE0,
  0x1C, 0x03, 0x80, 0x73, 0xCE, 0xFD, 0xFF, 0xFF, 0x0F, 0xE1, 0xFC, 0x1F,
  0x83, 0xF0, 0x7E, 0x0F, 0xC3, 0xF8, 0x7F, 0xFF, 0x7E, 0xE7, 0x9C, 0x1F,
  0x0F, 0xF3, 0xFF, 0x70, 0xEE, 0x0F, 0xC1, 0xFF, 0xFF, 0xFF, 0xE0, 0x1C,
  0x03, 0x87, 0xFF, 0xE7, 0xF8, 0x3E, 0x00, 0x03, 0xF0, 0x7F, 0x0F, 0xF0,
  0xE0, 0x0E, 0x00, 0xE0, 0xFF, 0xFF, 0xFF, 0xFF, 0xF0, 0xE0, 0x0E, 0x00,
  0xE0, 0x0E, 0x00, 0xE0, 0x0E, 0x00, 0xE0, 0x0E, 0x00, 0xE0, 0x3C, 0xEF,
  0xDF, 0xFF, 0xF0, 0xFE, 0x1F, 0xC1, 0xF8, 0x3F, 0x07, 0xE1, 0xFE, 0x3F,
  0xFF, 0xBF, 0x71, 0x8E, 0x01, 0xC0, 0x71, 0xFE, 0x3F, 0x87, 0xE0, 0xE0,
  0x1C, 0x03, 0x80, 0x70, 0x0E, 0xF1, 0xFF, 0xBF, 0xF7, 0x0E, 0xE1, 0xFC,
  0x1F, 0x83, 0xF0, 0x7E, 0x0F, 0xC1, 0xF8, 0x3F, 0x07, 0xE0, 0xFC, 0x1C,
  0x0E, 0x01, 0xE0, 0x3C, 0x07, 0x00, 0x00, 0x00, 0x3F, 0x87, 0xF0, 0xFE,
  0x01, 0xC0, 0x38, 0x07, 0x00, 0xE0, 0x1C, 0x03, 0x80, 0x70, 0x0E, 0x1F,
  0xFF, 0xFF, 0xFF, 0xF0, 0x03, 0x83, 0xC1, 0xE0, 0x70, 0x00, 0x03, 0xFF,
  0xFF, 0xFF, 0x81, 0xC0, 0xE0, 0x70, 0x38, 0x1C, 0x0E, 0x07, 0x03, 0x81,
  0xC0, 0xE0, 0x70, 0x7F, 0xFB, 0xFD, 0xF8, 0xE0, 0x0E, 0x00, 0xE0, 0x0E,
  0x00, 0xE0, 0xFE, 0x1E, 0xE1, 0xCE, 0x38, 0xE3, 0x8F, 0xF0, 0xFF, 0x0F,
  0xF0, 0xE7, 0x8E, 0x38, 0xE3, 0xCE, 0x1C, 0xE1, 0xEE, 0x0F, 0xFE, 0x0F,
  0xE0, 0xFE, 0x00, 0xE0, 0x0E, 0x00, 0xE0, 0x0E, 0x00, 0xE0, 0x0E, 0x00,
  0xE0, 0x0E, 0x00, 0xE0, 0x0E, 0x00, 0xE0, 0x0E, 0x00, 0xFF, 0x07, 0xF0,
  0x3F, 0xEC, 0xEF, 0xFF, 0xFF, 0xFE, 0x63, 0xE6, 0x3E, 0x63, 0xE6, 0x3E,
  0x63, 0xE6, 0x3E, 0x63, 0xE6, 0x3E, 0x63, 0xE6, 0x3E, 0x63, 0xEF, 0x1F,
  0xFB, 0xFF, 0x70, 0xEE, 0x1F, 0xC1, 0xF8, 0x3F, 0x07, 0xE0, 0xFC, 0x1F,
  0x83, 0xF0, 0x7E, 0x0F, 0xC1, 0xC0, 0x1F, 0x0F, 0xF3, 0xFF, 0x70, 0xEE,
  0x0F, 0xC1, 0xF8, 0x3F, 0x07, 0xE0, 0xFC, 0x1F, 0x87, 0x7F, 0xE7, 0xF8,
  0x3E, 0x00, 0xEF, 0x1F, 0xFB, 0xFF, 0x70, 0xFE, 0x0F, 0xC1, 0xF8, 0x3F,
  0x07, 0xE0, 0xFC, 0x1F, 0x87, 0xFF, 0xEF, 0xFD, 0xDE, 0x38, 0x07, 0x00,
  0xE0, 0x1C, 0x00, 0x3C, 0xEF, 0xDF, 0xFF, 0xF0, 0xFE, 0x1F, 0xC1, 0xF8,
  0x3F, 0x07, 0xE0, 0xFC, 0x3F, 0x87, 0xFF, 0xF7, 0xEE, 0x79, 0xC0, 0x38,
  0x07, 0x00, 0xE0, 0x1C, 0xE7, 0x9D, 0xFB, 0xFF, 0xF8, 0x7E, 0x0F, 0xC1,
  0xF8, 0x07, 0x00, 0xE0, 0x1C, 0x03, 0x80, 0x70, 0x0E, 0x01, 0xC0, 0x00,
  0x3F, 0x1F, 0xFB, 0xCF, 0x70, 0x7E, 0x01, 0xF8, 0x3F, 0xE1, 0xFE, 0x01,
  0xE0, 0x1F, 0x83, 0xF9, 0xFF, 0xFC, 0x7F, 0x00, 0x1E, 0x01, 0xE0, 0x1E,
  0x01, 0xE0, 0xFF, 0xFF, 0xFF, 0xFF, 0xF1, 0xE0, 0x1E, 0x01, 0xE0, 0x1E,
  0x01, 0xE0, 0x1E, 0x01, 0xE0, 0x0E, 0x00, 0xFF, 0x0F, 0xF0, 0x7F, 0xE0,
  0xFC, 0x1F, 0x83, 0xF0, 0x7E, 0x0F, 0xC1, 0xF8, 0x3F, 0x07, 0xE0, 0xFC,
  0x3F, 0x87, 0x7F, 0xE7, 0xF8, 0x3E, 0x00, 0xE0, 0x7F, 0x03, 0x9C, 0x1C,
  0xE1, 0xC7, 0x0E, 0x1C, 0x70, 0xE7, 0x87, 0x38, 0x1D, 0xC0, 0xEE, 0x07,
  0xE0, 0x1F, 0x00, 0xF8, 0x07, 0x80, 0xE3, 0x8D, 0x8E, 0x76, 0x39, 0xD9,
  0xE7, 0x67, 0x99, 0xDA, 0x67, 0x6D, 0x9D, 0xB6, 0x34, 0xD8, 0xF3, 0xE3,
  0xCF, 0x0F, 0x3C, 0x3C, 0x70, 0xF1, 0xC0, 0xF0, 0x73, 0x87, 0x0E, 0x78,
  0x7B, 0x81, 0xF8, 0x07, 0xC0, 0x3C, 0x01, 0xE0, 0x1F, 0x80, 0xFE, 0x0E,
  0x70, 0xF1, 0xC7, 0x0F, 0x78, 0x3C, 0xE0, 0x7F, 0x83, 0x9C, 0x1C, 0xE1,
  0xC3, 0x8E, 0x1C, 0xF0, 0xE7, 0x03, 0xB8, 0x1D, 0xC0, 0x7C, 0x03, 0xE0,
  0x1E, 0x00, 0x70, 0x03, 0x80, 0x38, 0x01, 0xC0, 0x1E, 0x00, 0xE0, 0x00,
  0xFF, 0xDF, 0xFB, 0xFF, 0x01, 0xE0, 0x78, 0x1E, 0x03, 0x80, 0xE0, 0x3C,
  0x0F, 0x03, 0xC0, 0x7F, 0xFF, 0xFF, 0xFF, 0xC0, 0x01, 0xC1, 0xF0, 0x7C,
  0x3C, 0x0E, 0x03, 0x80, 0xE0, 0x38, 0x07, 0x01, 0xC0, 0xE3, 0xF8, 0xFC,
  0x3F, 0x80, 0xF0, 0x1C, 0x07, 0x03, 0x80, 0xE0, 0x38, 0x0E, 0x03, 0xF0,
  0x7C, 0x0F, 0xFF, 0xFF, 0xFF, 0xFF, 0xFF, 0xFF, 0xFF, 0xFF, 0xF8, 0xE0,
  0x1F, 0x03, 0xF0, 0x0E, 0x01, 0xC0, 0x38, 0x07, 0x00, 0xE0, 0x1C, 0x03,
  0x80, 0x70, 0x07, 0xF0, 0x7E, 0x3F, 0xC7, 0x00, 0xE0, 0x1C, 0x03, 0x80,
  0x70, 0x0E, 0x01, 0xC1, 0xF8, 0x3E, 0x07, 0x80, 0x3C, 0x37, 0xE3, 0xFE,
  0x3E, 0x7F, 0xE3, 0xFE, 0x1E,
};

const GFXglyph RiposteMonoBold12_Glyphs[] PROGMEM = {
  {     0,   1,   1,  14,    0,     0 },   // ' '
  {     1,   4,  18,  14,    5,   -17 },   // '!'
  {    10,   9,   7,  14,    3,   -17 },   // '"'
  {    18,  13,  18,  14,    1,   -17 },   // '#'
  {    48,  12,  25,  14,    1,   -21 },   // '$'
  {    86,  14,  18,  14,    0,   -17 },   // '%'
  {   118,  15,  18,  14,    0,   -17 },   // '&'
  {   152,   3,   7,  14,    6,   -17 },   // '''
  {   155,   8,  23,  14,    4,   -19 },   // '('
  {   178,   7,  23,  14,    3,   -19 },   // ')'
  {   199,  13,  13,  14,    1,   -14 },   // '*'
  {   221,  12,  12,  14,    1,   -13 },   // '+'
  {   239,   4,   8,  14,    5,    -3 },   // ','
  {   243,   8,   3,  14,    3,    -9 },   // '-'
  {   246,   4,   5,  14,    5,    -4 },   // '.'
  {   249,  12,  24,  14,    1,   -20 },   // '/'
  {   285,  11,  18,  14,    2,   -17 },   // '0'
  {   310,  11,  18,  14,    2,   -17 },   // '1'
  {   335,  11,  18,  14,    2,   -17 },   // '2'
  {   360,  12,  18,  14,    1,   -17 },   // '3'
  {   387,  11,  18,  14,    1,   -17 },   // '4'
  {   412,  12,  18,  14,    1,   -17 },   // '5'
  {   439,  12,  18,  14,    1,   -17 },   // '6'
  {   466,  11,  18,  14,    2,   -17 },   // '7'
  {   491,  12,  18,  14,    1,   -17 },   // '8'
  {   518,  12,  18,  14,    1,   -17 },   // '9'
  {   545,   4,  14,  14,    5,   -13 },   // ':'
  {   552,   5,  18,  14,    4,   -13 },   // ';'
  {   564,  11,  13,  14,    2,   -13 },   // '<'
  {   582,  10,   9,  14,    2,   -12 },   // '='
  {   594,  11,  13,  14,    2,   -13 },   // '>'
  {   612,   9,  18,  14,    3,   -17 },   // '?'
  {   633,  13,  22,  14,    1,   -17 },   // '@'
  {   669,  13,  18,  14,    1,   -17 },   // 'A'
  {   699,  11,  18,  14,    2,   -17 },   // 'B'
  {   724,  11,  18,  14,    2,   -17 },   // 'C'
  {   749,  11,  18,  14,    2,   -17 },   // 'D'
  {   774,  11,  18,  14,    2,   -17 },   // 'E'
  {   799,  11,  18,  14,    2,   -17 },   // 'F'
  {   824,  11,  18,  14,    2,   -17 },   // 'G'
  {   849,  11,  18,  14,    2,   -17 },   // 'H'
  {   874,  10,  18,  14,    2,   -17 },   // 'I'
  {   897,  11,  18,  14,    1,   -17 },   // 'J'
  {   922,  12,  18,  14,    2,   -17 },   // 'K'
  {   949,  10,  18,  14,    3,   -17 },   // 'L'
  {   972,  12,  18,  14,    1,   -17 },   // 'M'
  {   999,  11,  18,  14,    2,   -17 },   // 'N'
  {  1024,  11,  18,  14,    2,   -17 },   // 'O'
  {  1049,  11,  18,  14,    2,   -17 },   // 'P'
  {  1074,  11,  22,  14,    2,   -17 },   // 'Q'
  {  1105,  11,  18,  14,    2,   -17 },   // 'R'
  {  1130,  12,  18,  14,    1,   -17 },   // 'S'
  {  1157,  12,  18,  14,    1,   -17 },   // 'T'
  {  1184,  11,  18,  14,    2,   -17 },   // 'U'
  {  1209,  13,  18,  14,    1,   -17 },   // 'V'
  {  1239,  14,  18,  14,    0,   -17 },   // 'W'
  {  1271,  13,  18,  14,    1,   -17 },   // 'X'
  {  1301,  13,  18,  14,    1,   -17 },   // 'Y'
  {  1331,  11,  18,  14,    2,   -17 },   // 'Z'
  {  1356,   7,  24,  14,    4,   -20 },   // '['
  {  1377,  12,  24,  14,    1,   -20 },   // '\\'
  {  1413,   7,  24,  14,    3,   -20 },   // ']'
  {  1434,  11,  10,  14,    2,   -17 },   // '^'
  {  1448,  12,   3,  14,    1,     1 },   // '_'
  {  1453,   6,   4,  14,    3,   -19 },   // '`'
  {  1456,  12,  14,  14,    1,   -13 },   // 'a'
  {  1477,  11,  18,  14,    2,   -17 },   // 'b'
  {  1502,  11,  14,  14,    2,   -13 },   // 'c'
  {  1522,  11,  18,  14,    2,   -17 },   // 'd'
  {  1547,  11,  14,  14,    2,   -13 },   // 'e'
  {  1567,  12,  18,  14,    1,   -17 },   // 'f'
  {  1594,  11,  18,  14,    2,   -13 },   // 'g'
  {  1619,  11,  18,  14,    2,   -17 },   // 'h'
  {  1644,  11,  20,  14,    2,   -19 },   // 'i'
  {  1672,   9,  24,  14,    2,   -19 },   // 'j'
  {  1699,  12,  18,  14,    2,   -17 },   // 'k'
  {  1726,  12,  18,  14,    1,   -17 },   // 'l'
  {  1753,  12,  14,  14,    1,   -13 },   // 'm'
  {  1774,  11,  14,  14,    2,   -13 },   // 'n'
  {  1794,  11,  14,  14,    2,   -13 },   // 'o'
  {  1814,  11,  18,  14,    2,   -13 },   // 'p'
  {  1839,  11,  18,  14,    2,   -13 },   // 'q'
  {  1864,  11,  14,  14,    2,   -13 },   // 'r'
  {  1884,  11,  14,  14,    2,   -13 },   // 's'
  {  1904,  12,  18,  14,    1,   -17 },   // 't'
  {  1931,  11,  14,  14,    2,   -13 },   // 'u'
  {  1951,  13,  14,  14,    1,   -13 },   // 'v'
  {  1974,  14,  14,  14,    0,   -13 },   // 'w'
  {  1999,  13,  14,  14,    1,   -13 },   // 'x'
  {  2022,  13,  18,  14,    1,   -13 },   // 'y'
  {  2052,  11,  14,  14,    2,   -13 },   // 'z'
  {  2072,  10,  24,  14,    2,   -20 },   // '{'
  {  2102,   3,  23,  14,    6,   -19 },   // '|'
  {  2111,  11,  24,  14,    2,   -20 },   // '}'
  {  2144,  12,   6,  14,    1,   -11 },   // '~'
};

const GFXfont RiposteMonoBold12 PROGMEM = {
  (uint8_t  *)RiposteMonoBold12_Bitmaps,
  (GFXglyph *)RiposteMonoBold12_Glyphs,
  0x20, 0x7E, 31 };

// RiposteMonoBold18: generated from JetBrainsMono-ExtraBold.ttf at 18pt @ 141dpi,
// chars 0x20-0x7E. Adafruit GFX format.
const uint8_t RiposteMonoBold18_Bitmaps[] PROGMEM = {
  0x00, 0x7C, 0xF9, 0xF3, 0xE7, 0xCF, 0x9F, 0x3E, 0x7C, 0xF9, 0xF3, 0xE7,
  0xCF, 0x9F, 0x3E, 0x7C, 0xF8, 0x00, 0x00, 0x07, 0x1F, 0x7F, 0xFE, 0xF8,
  0xFC, 0x7F, 0xF8, 0xFF, 0xF1, 0xFF, 0xE3, 0xFF, 0xC7, 0xEF, 0x8F, 0xDF,
  0x1F, 0x3E, 0x3E, 0x7C, 0x7C, 0xF8, 0xF9, 0xF1, 0xF0, 0x03, 0x83, 0x80,
  0x70, 0x70, 0x1E, 0x1E, 0x03, 0xC3, 0xC0, 0x78, 0x78, 0x0E, 0x0E, 0x1F,
  0xFF, 0xFB, 0xFF, 0xFF, 0x7F, 0xFF, 0xEF, 0xFF, 0xFC, 0x3C, 0x3C, 0x07,
  0x07, 0x80, 0xE0, 0xE0, 0x1C, 0x1C, 0x07, 0x87, 0x80, 0xF0, 0xF0, 0xFF,
  0xFF, 0xDF, 0xFF, 0xFB, 0xFF, 0xFF, 0x7F, 0xFF, 0xE1, 0xC1, 0xC0, 0x78,
  0x78, 0x0F, 0x0F, 0x01, 0xE1, 0xE0, 0x38, 0x38, 0x07, 0x07, 0x00, 0x01,
  0xC0, 0x00, 0xE0, 0x00, 0x70, 0x00, 0x38, 0x00, 0x1C, 0x00, 0x7F, 0xC0,
  0x7F, 0xF0, 0x7F, 0xFC, 0x7F, 0xFF, 0x7F, 0xFF, 0xFF, 0x77, 0xFF, 0x39,
  0xFF, 0x9C, 0x07, 0xEE, 0x03, 0xF7, 0x00, 0xFF, 0x80, 0x7F, 0xF8, 0x1F,
  0xFE, 0x07, 0xFF, 0xC0, 0xFF, 0xE0, 0x1F, 0xF8, 0x0E, 0xFC, 0x07, 0x3E,
  0x03, 0x9F, 0xF9, 0xCF, 0xFC, 0xE7, 0xFF, 0xF7, 0xFF, 0xFF, 0xE7, 0xFF,
  0xF1, 0xFF, 0xF0, 0x3F, 0xE0, 0x03, 0x80, 0x01, 0xC0, 0x00, 0xE0, 0x00,
  0x70, 0x00, 0x38, 0x00, 0x1F, 0x00, 0x7B, 0xFC, 0x03, 0xBF, 0xF0, 0x3D,
  0xE3, 0x83, 0xCF, 0x1C, 0x1C, 0x70, 0xF1, 0xE3, 0x87, 0x9E, 0x1C, 0x38,
  0xE0, 0xF3, 0xCE, 0x07, 0xFE, 0xF0, 0x1F, 0xEF, 0x00, 0x3E, 0x70, 0x00,
  0x07, 0x80, 0x00, 0x78, 0x00, 0x03, 0x9F, 0x00, 0x3D, 0xFE, 0x03, 0xDF,
  0xF0, 0x1C, 0xF3, 0xC1, 0xCF, 0x1E, 0x1E, 0x78, 0x71, 0xE3, 0xC3, 0x8E,
  0x0E, 0x1C, 0xF0, 0x71, 0xEF, 0x03, 0xFE, 0x70, 0x0F, 0xF7, 0x80, 0x3E,
  0x00, 0x01, 0xF8, 0x00, 0x1F, 0xF0, 0x00, 0xFF, 0xE0, 0x03, 0xFF, 0xC0,
  0x1F, 0xFF, 0x00, 0x7C, 0x3E, 0x01, 0xF0, 0xF8, 0x07, 0xC0, 0x00, 0x0F,
  0x80, 0x00, 0x3F, 0x00, 0x00, 0x7C, 0x00, 0x07, 0xF8, 0x00, 0x3F, 0xF0,
  0x01, 0xFF, 0xE1, 0xF7, 0xCF, 0xCF, 0x9F, 0x1F, 0x7C, 0xF8, 0x3F, 0xE3,
  0xE0, 0x7F, 0x0F, 0x81, 0xFC, 0x3E, 0x07, 0xF0, 0xFC, 0x3F, 0xC1, 0xFF,
  0xFF, 0x87, 0xFF, 0xFF, 0x0F, 0xFF, 0x7C, 0x1F, 0xF8, 0xF8, 0x1F, 0x83,
  0xF0, 0xFF, 0xFF, 0xFF, 0xFF, 0xFF, 0xFF, 0xFE, 0x00, 0x70, 0x1F, 0x03,
  0xF0, 0xFF, 0x1F, 0xF1, 0xFC, 0x3F, 0x83, 0xF0, 0x7E, 0x07, 0xC0, 0x7C,
  0x0F, 0xC0, 0xFC, 0x0F, 0xC0, 0xFC, 0x0F, 0xC0, 0xFC, 0x0F, 0xC0, 0xFC,
  0x0F, 0xC0, 0xFC, 0x07, 0xC0, 0x7C, 0x07, 0xC0, 0x7E, 0x03, 0xF0, 0x3F,
  0x81, 0xFE, 0x0F, 0xF0, 0x7F, 0x03, 0xF0, 0x1F, 0x00, 0x30, 0xE0, 0x0F,
  0x80, 0xFC, 0x0F, 0xF0, 0xFF, 0x83, 0xF8, 0x1F, 0xC0, 0xFC, 0x07, 0xE0,
  0x3E, 0x03, 0xE0, 0x3E, 0x03, 0xF0, 0x3F, 0x03, 0xF0, 0x3F, 0x03, 0xF0,
  0x3F, 0x03, 0xF0, 0x3F, 0x03, 0xF0, 0x3E, 0x03, 0xE0, 0x7E, 0x07, 0xE0,
  0xFC, 0x1F, 0xC7, 0xF8, 0xFF, 0x0F, 0xE0, 0xFC, 0x0F, 0x80, 0xC0, 0x00,
  0x01, 0xF0, 0x00, 0x3E, 0x00, 0x07, 0xC0, 0x00, 0xF8, 0x00, 0x1F, 0x00,
  0xE1, 0xC3, 0x9F, 0x39, 0xF7, 0xFF, 0xFF, 0xFF, 0xFF, 0xE3, 0xFF, 0xE0,
  0x07, 0xC0, 0x01, 0xFC, 0x00, 0x7B, 0xC0, 0x1F, 0x7C, 0x03, 0xEF, 0x80,
  0xF8, 0xF8, 0x3E, 0x0F, 0x81, 0x80, 0xC0, 0x10, 0x10, 0x00, 0x03, 0xE0,
  0x01, 0xF0, 0x00, 0xF8, 0x00, 0x7C, 0x00, 0x3E, 0x00, 0x1F, 0x03, 0xFF,
  0xFF, 0xFF, 0xFF, 0xFF, 0xFF, 0xFF, 0xFF, 0xFF, 0xFF, 0xE0, 0x7C, 0x00,
  0x3E, 0x00, 0x1F, 0x00, 0x0F, 0x80, 0x07, 0xC0, 0x03, 0xE0, 0x00, 0x3F,
  0x3E, 0x3E, 0x7E, 0x7E, 0x7C, 0x7C, 0x7C, 0x7C, 0xF8, 0xF8, 0xFF, 0xFF,
  0xFF, 0xFF, 0xFF, 0xFF, 0xFE, 0x39, 0xFB, 0xFF, 0xFF, 0xFF, 0x8E, 0x00,
  0x00, 0x0F, 0x80, 0x0F, 0xC0, 0x07, 0xE0, 0x03, 0xE0, 0x03, 0xF0, 0x01,
  0xF0, 0x00, 0xF8, 0x00, 0xFC, 0x00, 0x7C, 0x00, 0x3E, 0x00, 0x3F, 0x00,
  0x1F, 0x00, 0x1F, 0x80, 0x0F, 0xC0, 0x07, 0xC0, 0x07, 0xE0, 0x03, 0xE0,
  0x01, 0xF0, 0x01, 0xF8, 0x00, 0xF8, 0x00, 0x7C, 0x00, 0x7E, 0x00, 0x3E,
  0x00, 0x1F, 0x00, 0x1F, 0x80, 0x0F, 0x80, 0x0F, 0xC0, 0x07, 0xE0, 0x03,
  0xE0, 0x03, 0xF0, 0x01, 0xF0, 0x00, 0xF8, 0x00, 0xFC, 0x00, 0x7C, 0x00,
  0x00, 0x07, 0xF0, 0x0F, 0xFE, 0x0F, 0xFF, 0x8F, 0xFF, 0xE7, 0xFF, 0xF7,
  0xE0, 0xFF, 0xE0, 0x3F, 0xF0, 0x1F, 0xF8, 0x0F, 0xFC, 0x07, 0xFE, 0x33,
  0xFF, 0x7D, 0xFF, 0xBE, 0xFF, 0xDF, 0x7F, 0xE7, 0x3F, 0xF0, 0x1F, 0xF8,
  0x0F, 0xFC, 0x07, 0xFE, 0x03, 0xFF, 0x01, 0xFF, 0xC1, 0xFB, 0xFF, 0xF9,
  0xFF, 0xFC, 0x7F, 0xFC, 0x1F, 0xFC, 0x03, 0xF8, 0x00, 0x07, 0xE0, 0x07,
  0xF0, 0x0F, 0xF8, 0x0F, 0xFC, 0x0F, 0xFE, 0x07, 0xFF, 0x03, 0xEF, 0x81,
  0xE7, 0xC0, 0xC3, 0xE0, 0x41, 0xF0, 0x00, 0xF8, 0x00, 0x7C, 0x00, 0x3E,
  0x00, 0x1F, 0x00, 0x0F, 0x80, 0x07, 0xC0, 0x03, 0xE0, 0x01, 0xF0, 0x00,
  0xF8, 0x00, 0x7C, 0x00, 0x3E, 0x07, 0xFF, 0xFF, 0xFF, 0xFF, 0xFF, 0xFF,
  0xFF, 0xFF, 0xFF, 0xFF, 0xC0, 0x07, 0xF0, 0x0F, 0xFE, 0x0F, 0xFF, 0x8F,
  0xFF, 0xE7, 0xFF, 0xF7, 0xE1, 0xFF, 0xE0, 0x7F, 0xF0, 0x3F, 0x00, 0x1F,
  0x80, 0x0F, 0xC0, 0x07, 0xC0, 0x07, 0xE0, 0x07, 0xF0, 0x07, 0xF0, 0x07,
  0xF0, 0x07, 0xF0, 0x07, 0xF0, 0x07, 0xF0, 0x07, 0xF0, 0x07, 0xF0, 0x07,
  0xF0, 0x07, 0xFF, 0xFF, 0xFF, 0xFF, 0xFF, 0xFF, 0xFF, 0xFF, 0xFF, 0xFF,
  0xC0, 0x7F, 0xFF, 0x3F, 0xFF, 0x9F, 0xFF, 0xCF, 0xFF, 0xE7, 0xFF, 0xF0,
  0x03, 0xF0, 0x03, 0xF0, 0x03, 0xF0, 0x03, 0xE0, 0x03, 0xF0, 0x01, 0xFF,
  0x00, 0xFF, 0xC0, 0x7F, 0xF0, 0x3F, 0xF8, 0x00, 0x7E, 0x00, 0x1F, 0x00,
  0x0F, 0x80, 0x07, 0xC0, 0x03, 0xFF, 0x01, 0xFF, 0xC1, 0xFF, 0xFF, 0xF9,
  0xFF, 0xFC, 0x7F, 0xFC, 0x1F, 0xFC, 0x03, 0xF8, 0x00, 0x00, 0x7E, 0x00,
  0xFC, 0x00, 0xF8, 0x01, 0xF8, 0x03, 0xF0, 0x07, 0xE0, 0x07, 0xE0, 0x0F,
  0xC0, 0x1F, 0x80, 0x1F, 0x80, 0x3F, 0x00, 0x7E, 0x1F, 0x7E, 0x1F, 0xFC,
  0x1F, 0xF8, 0x1F, 0xF8, 0x1F, 0xFF, 0xFF, 0xFF, 0xFF, 0xFF, 0xFF, 0xFF,
  0xFF, 0xFF, 0xFF, 0x00, 0x1F, 0x00, 0x1F, 0x00, 0x1F, 0x00, 0x1F, 0x00,
  0x1F, 0x7F, 0xFF, 0x3F, 0xFF, 0x9F, 0xFF, 0xCF, 0xFF, 0xE7, 0xFF, 0xF3,
  0xE0, 0x01, 0xF0, 0x00, 0xF8, 0x00, 0x7C, 0x00, 0x3F, 0xF8, 0x1F, 0xFF,
  0x0F, 0xFF, 0xC7, 0xFF, 0xF3, 0xFF, 0xF8, 0x00, 0x7E, 0x00, 0x1F, 0x00,
  0x0F, 0x80, 0x07, 0xC0, 0x03, 0xFF, 0x03, 0xFF, 0xC1, 0xFF, 0xFF, 0xF9,
  0xFF, 0xFC, 0x7F, 0xFC, 0x1F, 0xFC, 0x03, 0xF8, 0x00, 0x01, 0xF8, 0x01,
  0xF8, 0x00, 0xFC, 0x00, 0xFC, 0x00, 0x7E, 0x00, 0x7E, 0x00, 0x3F, 0x00,
  0x3F, 0x00, 0x1F, 0x00, 0x1F, 0x80, 0x0F, 0xBE, 0x0F, 0xFF, 0xC7, 0xFF,
  0xF7, 0xFF, 0xFF, 0xF0, 0x7F, 0xF0, 0x1F, 0xF8, 0x0F, 0xFC, 0x07, 0xFE,
  0x03, 0xFF, 0x01, 0xFF, 0xC1, 0xFF, 0xFF, 0xFD, 0xFF, 0xFC, 0x7F, 0xFC,
  0x1F, 0xFC, 0x03, 0xF8, 0x00, 0xFF, 0xFF, 0xFF, 0xFF, 0xFF, 0xFF, 0xFF,
  0xFF, 0xFF, 0xFF, 0xFF, 0xFE, 0x03, 0xFF, 0x81, 0xFB, 0xE0, 0x7E, 0xF8,
  0x1F, 0x00, 0x0F, 0xC0, 0x03, 0xE0, 0x01, 0xF8, 0x00, 0x7C, 0x00, 0x3F,
  0x00, 0x0F, 0xC0, 0x07, 0xE0, 0x01, 0xF8, 0x00, 0x7C, 0x00, 0x3F, 0x00,
  0x0F, 0x80, 0x07, 0xE0, 0x01, 0xF8, 0x00, 0xFC, 0x00, 0x3F, 0x00, 0x1F,
  0x80, 0x07, 0xE0, 0x00, 0x07, 0xF0, 0x0F, 0xFE, 0x0F, 0xFF, 0x8F, 0xFF,
  0xE7, 0xFF, 0xF7, 0xE0, 0xFF, 0xE0, 0x3F, 0xF0, 0x1F, 0x7C, 0x1F, 0xBF,
  0x1F, 0x8F, 0xFF, 0x83, 0xFF, 0x81, 0xFF, 0xC1, 0xFF, 0xF1, 0xFF, 0xFD,
  0xF8, 0x3F, 0xF8, 0x0F, 0xFC, 0x07, 0xFE, 0x03, 0xFF, 0x01, 0xFF, 0xC1,
  0xFF, 0xFF, 0xFD, 0xFF, 0xFC, 0x7F, 0xFC, 0x1F, 0xFC, 0x03, 0xF8, 0x00,
  0x07, 0xF0, 0x0F, 0xFE, 0x0F, 0xFF, 0x8F, 0xFF, 0xEF, 0xFF, 0xFF, 0xE0,
  0xFF, 0xE0, 0x3F, 0xF0, 0x1F, 0xF8, 0x0F, 0xFC, 0x07, 0xFE, 0x03, 0xFF,
  0x83, 0xF7, 0xFF, 0xFB, 0xFF, 0xF8, 0xFF, 0xFC, 0x3F, 0xFC, 0x03, 0xFE,
  0x00, 0x3E, 0x00, 0x3F, 0x00, 0x3F, 0x00, 0x1F, 0x80, 0x1F, 0x80, 0x0F,
  0xC0, 0x0F, 0xC0, 0x0F, 0xE0, 0x07, 0xE0, 0x00, 0x7D, 0xFF, 0xFF, 0xFF,
  0xEF, 0x80, 0x00, 0x00, 0x00, 0x00, 0x00, 0x00, 0x1F, 0x7F, 0xFF, 0xFF,
  0xFB, 0xE0, 0x3E, 0x7F, 0x7F, 0x7F, 0x7F, 0x3E, 0x00, 0x00, 0x00, 0x00,
  0x00, 0x00, 0x00, 0x00, 0x3F, 0x7E, 0x7E, 0x7E, 0x7E, 0x7C, 0x7C, 0x7C,
  0xFC, 0xF8, 0xF8, 0x00, 0x01, 0x80, 0x03, 0xC0, 0x0F, 0xE0, 0x1F, 0xF0,
  0x3F, 0xF0, 0x7F, 0xE0, 0xFF, 0xC1, 0xFF, 0x80, 0xFE, 0x00, 0x78, 0x00,
  0x3F, 0x80, 0x1F, 0xF8, 0x03, 0xFF, 0x00, 0x7F, 0xE0, 0x0F, 0xFE, 0x01,
  0xFF, 0x00, 0x3F, 0x80, 0x03, 0xC0, 0x00, 0x60, 0xFF, 0xFF, 0xFF, 0xFF,
  0xFF, 0xFF, 0xFF, 0xFF, 0xFF, 0xE0, 0x00, 0x00, 0x00, 0x00, 0x00, 0x00,
  0x01, 0xFF, 0xFF, 0xFF, 0xFF, 0xFF, 0xFF, 0xFF, 0xFF, 0xFF, 0xC0, 0xC0,
  0x00, 0x7C, 0x00, 0x3F, 0x80, 0x1F, 0xF0, 0x0F, 0xFE, 0x00, 0xFF, 0xC0,
  0x1F, 0xFC, 0x03, 0xFF, 0x00, 0x3F, 0x80, 0x03, 0xC0, 0x0F, 0xE0, 0x3F,
  0xF0, 0x7F, 0xE0, 0xFF, 0xC3, 0xFF, 0x81, 0xFF, 0x00, 0xFE, 0x00, 0x78,
  0x00, 0x30, 0x00, 0x00, 0xFF, 0x83, 0xFF, 0x8F, 0xFF, 0x3F, 0xFE, 0xFF,
  0xF8, 0x03, 0xF0, 0x0F, 0xC0, 0x1F, 0x00, 0xFC, 0x07, 0xF3, 0xFF, 0x8F,
  0xFE, 0x3F, 0xF0, 0xFF, 0x83, 0xE0, 0x0F, 0x80, 0x3E, 0x00, 0x00, 0x00,
  0x00, 0x00, 0x00, 0x00, 0x00, 0x70, 0x03, 0xE0, 0x1F, 0xC0, 0x7E, 0x00,
  0xF8, 0x00, 0x03, 0xFC, 0x01, 0xFF, 0xE0, 0x7F, 0xFE, 0x1F, 0xFF, 0xE7,
  0xE0, 0x7E, 0xF8, 0x07, 0xFE, 0x00, 0x7F, 0xC0, 0x0F, 0xF0, 0x79, 0xFE,
  0x1F, 0xFF, 0xC7, 0xFF, 0xF8, 0xF9, 0xFF, 0x1E, 0x1F, 0xE3, 0xC3, 0xFC,
  0x78, 0x7F, 0x8F, 0x0F, 0xF1, 0xE1, 0xFE, 0x3C, 0x3F, 0xC7, 0x87, 0xF8,
  0xF9, 0xFF, 0x0F, 0xFD, 0xE0, 0xFF, 0xBC, 0x0F, 0xC7, 0x80, 0x00, 0xF8,
  0x00, 0x1F, 0x00, 0x01, 0xF0, 0x00, 0x3F, 0x00, 0x03, 0xFF, 0xC0, 0x3F,
  0xF8, 0x03, 0xFF, 0x00, 0x0F, 0xE0, 0x03, 0xF8, 0x00, 0x7F, 0x00, 0x0F,
  0xE0, 0x03, 0xFE, 0x00, 0x7F, 0xC0, 0x0F, 0x78, 0x01, 0xEF, 0x00, 0x7D,
  0xF0, 0x0F, 0xBE, 0x01, 0xF7, 0xC0, 0x3C, 0x78, 0x0F, 0x8F, 0x81, 0xF1,
  0xF0, 0x3E, 0x3E, 0x07, 0xC7, 0xC1, 0xFF, 0xFC, 0x3F, 0xFF, 0x87, 0xFF,
  0xF0, 0xFF, 0xFE, 0x3F, 0xFF, 0xE7, 0xC0, 0x7C, 0xF8, 0x0F, 0x9F, 0x01,
  0xF7, 0xE0, 0x3F, 0xFC, 0x07, 0xFF, 0x00, 0x7C, 0xFF, 0xF0, 0x3F, 0xFF,
  0x0F, 0xFF, 0xE3, 0xFF, 0xFC, 0xFF, 0xFF, 0xBE, 0x07, 0xEF, 0x80, 0xFB,
  0xE0, 0x3E, 0xF8, 0x0F, 0xBE, 0x07, 0xCF, 0xFF, 0xF3, 0xFF, 0xF8, 0xFF,
  0xFC, 0x3F, 0xFF, 0xCF, 0xFF, 0xF3, 0xE0, 0x7E, 0xF8, 0x0F, 0xBE, 0x03,
  0xFF, 0x80, 0xFF, 0xE0, 0x3F, 0xF8, 0x1F, 0xBF, 0xFF, 0xEF, 0xFF, 0xFB,
  0xFF, 0xFC, 0xFF, 0xFC, 0x3F, 0xFC, 0x00, 0x07, 0xF0, 0x0F, 0xFE, 0x0F,
  0xFF, 0x8F, 0xFF, 0xE7, 0xFF, 0xFF, 0xE0, 0xFF, 0xF0, 0x3F, 0xF0, 0x1F,
  0xF8, 0x00, 0x7C, 0x00, 0x3E, 0x00, 0x1F, 0x00, 0x0F, 0x80, 0x07, 0xC0,
  0x03, 0xE0, 0x01, 0xF0, 0x00, 0xF8, 0x00, 0x7C, 0x00, 0x3E, 0x03, 0xFF,
  0x81, 0xFF, 0xC1, 0xFB, 0xFF, 0xFD, 0xFF, 0xFC, 0x7F, 0xFC, 0x1F, 0xFC,
  0x03, 0xF8, 0x00, 0xFF, 0xF0, 0x7F, 0xFE, 0x3F, 0xFF, 0x9F, 0xFF, 0xEF,
  0xFF, 0xF7, 0xC0, 0xFF, 0xE0, 0x3F, 0xF0, 0x1F, 0xF8, 0x0F, 0xFC, 0x07,
  0xFE, 0x03, 0xFF, 0x01, 0xFF, 0x80, 0xFF, 0xC0, 0x7F, 0xE0, 0x3F, 0xF0,
  0x1F, 0xF8, 0x0F, 0xFC, 0x07, 0xFE, 0x03, 0xFF, 0x01, 0xFF, 0x81, 0xFF,
  0xFF, 0xFB, 0xFF, 0xFD, 0xFF, 0xFC, 0xFF, 0xFC, 0x7F, 0xF8, 0x00, 0xFF,
  0xFF, 0xFF, 0xFF, 0xFF, 0xFF, 0xFF, 0xFF, 0xFF, 0xFF, 0xF8, 0x00, 0xF8,
  0x00, 0xF8, 0x00, 0xF8, 0x00, 0xF8, 0x00, 0xFF, 0xFC, 0xFF, 0xFC, 0xFF,
  0xFC, 0xFF, 0xFC, 0xFF, 0xFC, 0xF8, 0x00, 0xF8, 0x00, 0xF8, 0x00, 0xF8,
  0x00, 0xF8, 0x00, 0xF8, 0x00, 0xFF, 0xFF, 0xFF, 0xFF, 0xFF, 0xFF, 0xFF,
  0xFF, 0xFF, 0xFF, 0xFF, 0xFF, 0xFF, 0xFF, 0xFF, 0xFF, 0xFF, 0xFF, 0xFF,
  0xFF, 0xFF, 0xE0, 0x03, 0xF0, 0x01, 0xF8, 0x00, 0xFC, 0x00, 0x7E, 0x00,
  0x3F, 0x00, 0x1F, 0xFF, 0xEF, 0xFF, 0xF7, 0xFF, 0xFB, 0xFF, 0xFD, 0xFF,
  0xFE, 0xFC, 0x00, 0x7E, 0x00, 0x3F, 0x00, 0x1F, 0x80, 0x0F, 0xC0, 0x07,
  0xE0, 0x03, 0xF0, 0x01, 0xF8, 0x00, 0xFC, 0x00, 0x7E, 0x00, 0x00, 0x07,
  0xF0, 0x0F, 0xFE, 0x0F, 0xFF, 0x8F, 0xFF, 0xE7, 0xFF, 0xFF, 0xE0, 0xFF,
  0xF0, 0x3F, 0xF0, 0x00, 0xF8, 0x00, 0x7C, 0x00, 0x3E, 0x00, 0x1F, 0x1F,
  0xFF, 0x8F, 0xFF, 0xC7, 0xFF, 0xE3, 0xFF, 0xF1, 0xFF, 0xF8, 0x0F, 0xFC,
  0x07, 0xFE, 0x03, 0xFF, 0x81, 0xFF, 0xC1, 0xFB, 0xFF, 0xF9, 0xFF, 0xFC,
  0x7F, 0xFC, 0x1F, 0xFC, 0x03, 0xF8, 0x00, 0xFC, 0x1F, 0xFE, 0x0F, 0xFF,
  0x07, 0xFF, 0x83, 0xFF, 0xC1, 0xFF, 0xE0, 0xFF, 0xF0, 0x7F, 0xF8, 0x3F,
  0xFC, 0x1F, 0xFE, 0x0F, 0xFF, 0xFF, 0xFF, 0xFF, 0xFF, 0xFF, 0xFF, 0xFF,
  0xFF, 0xFF, 0xFF, 0xF8, 0x3F, 0xFC, 0x1F, 0xFE, 0x0F, 0xFF, 0x07, 0xFF,
  0x83, 0xFF, 0xC1, 0xFF, 0xE0, 0xFF, 0xF0, 0x7F, 0xF8, 0x3F, 0xFC, 0x1F,
  0xFE, 0x0F, 0xC0, 0xFF, 0xFF, 0xFF, 0xFF, 0xFF, 0xFF, 0xFF, 0xFF, 0xFF,
  0xE0, 0xF8, 0x01, 0xF0, 0x03, 0xE0, 0x07, 0xC0, 0x0F, 0x80, 0x1F, 0x00,
  0x3E, 0x00, 0x7C, 0x00, 0xF8, 0x01, 0xF0, 0x03, 0xE0, 0x07, 0xC0, 0x0F,
  0x80, 0x1F, 0x00, 0x3E, 0x00, 0x7C, 0x1F, 0xFF, 0xFF, 0xFF, 0xFF, 0xFF,
  0xFF, 0xFF, 0xFF, 0xFC, 0x00, 0x0F, 0x80, 0x07, 0xC0, 0x03, 0xE0, 0x01,
  0xF0, 0x00, 0xF8, 0x00, 0x7C, 0x00, 0x3E, 0x00, 0x1F, 0x00, 0x0F, 0x80,
  0x07, 0xC0, 0x03, 0xE0, 0x01, 0xF0, 0x00, 0xF8, 0x00, 0x7C, 0x00, 0x3E,
  0x00, 0x1F, 0x00, 0x0F, 0x80, 0x07, 0xFE, 0x03, 0xFF, 0x01, 0xFF, 0xC1,
  0xFF, 0xFF, 0xFD, 0xFF, 0xFC, 0x7F, 0xFC, 0x1F, 0xFC, 0x03, 0xF8, 0x00,
  0xFC, 0x0F, 0xFF, 0x03, 0xEF, 0xC1, 0xFB, 0xF0, 0x7C, 0xFC, 0x3F, 0x3F,
  0x0F, 0xCF, 0xC7, 0xE3, 0xF1, 0xF8, 0xFC, 0x7C, 0x3F, 0x3F, 0x0F, 0xFF,
  0x83, 0xFF, 0xE0, 0xFF, 0xF8, 0x3F, 0xFE, 0x0F, 0xFF, 0xC3, 0xF3, 0xF0,
  0xFC, 0x7C, 0x3F, 0x1F, 0x8F, 0xC7, 0xE3, 0xF0, 0xFC, 0xFC, 0x3F, 0x3F,
  0x07, 0xCF, 0xC1, 0xFB, 0xF0, 0x7E, 0xFC, 0x0F, 0xFF, 0x03, 0xF0, 0xF8,
  0x00, 0xF8, 0x00, 0xF8, 0x00, 0xF8, 0x00, 0xF8, 0x00, 0xF8, 0x00, 0xF8,
  0x00, 0xF8, 0x00, 0xF8, 0x00, 0xF8, 0x00, 0xF8, 0x00, 0xF8, 0x00, 0xF8,
  0x00, 0xF8, 0x00, 0xF8, 0x00, 0xF8, 0x00, 0xF8, 0x00, 0xF8, 0x00, 0xF8,
  0x00, 0xF8, 0x00, 0xF8, 0x00, 0xFF, 0xFF, 0xFF, 0xFF, 0xFF, 0xFF, 0xFF,
  0xFF, 0xFF, 0xFF, 0xFE, 0x0F, 0xFF, 0xC1, 0xFF, 0xF8, 0x7F, 0xFF, 0x8E,
  0xFF, 0x71, 0xFF, 0xFE, 0x3F, 0xFF, 0xC7, 0xFF, 0xFD, 0xDF, 0xFB, 0xBB,
  0xFF, 0x77, 0x7F, 0xEE, 0xEF, 0xFD, 0xF9, 0xFF, 0x9F, 0x3F, 0xF3, 0xE7,
  0xFE, 0x7C, 0xFF, 0xC0, 0x1F, 0xF8, 0x03, 0xFF, 0x00, 0x7F, 0xE0, 0x0F,
  0xFC, 0x01, 0xFF, 0x80, 0x3F, 0xF0, 0x07, 0xFE, 0x00, 0xFF, 0xC0, 0x1F,
  0xF8, 0x03, 0xFF, 0x00, 0x7C, 0xFC, 0x0F, 0xFF, 0x07, 0xFF, 0x83, 0xFF,
  0xC1, 0xFF, 0xF0, 0xFF, 0xF8, 0x7F, 0xFC, 0x3F, 0xEF, 0x1F, 0xF7, 0x8F,
  0xFB, 0xC7, 0xFE, 0xF3, 0xFF, 0x79, 0xFF, 0xBC, 0xFF, 0xCF, 0x7F, 0xE7,
  0xBF, 0xF3, 0xDF, 0xF8, 0xF7, 0xFC, 0x7B, 0xFE, 0x3D, 0xFF, 0x0F, 0xFF,
  0x87, 0xFF, 0xC3, 0xFF, 0xE0, 0xFF, 0xF0, 0x7F, 0xF8, 0x3F, 0xFC, 0x0F,
  0xC0, 0x07, 0xF0, 0x0F, 0xFE, 0x0F, 0xFF, 0x8F, 0xFF, 0xE7, 0xFF, 0xF7,
  0xE0, 0xFF, 0xF0, 0x7F, 0xF0, 0x1F, 0xF8, 0x0F, 0xFC, 0x07, 0xFE, 0x03,
  0xFF, 0x01, 0xFF, 0x80, 0xFF, 0xC0, 0x7F, 0xE0, 0x3F, 0xF0, 0x1F, 0xF8,
  0x0F, 0xFC, 0x07, 0xFE, 0x03, 0xFF, 0x03, 0xFF, 0xC1, 0xFB, 0xFF, 0xF9,
  0xFF, 0xFC, 0x7F, 0xFC, 0x1F, 0xFC, 0x03, 0xF8, 0x00, 0xFF, 0xF0, 0x3F,
  0xFF, 0x8F, 0xFF, 0xF3, 0xFF, 0xFE, 0xFF, 0xFF, 0xBF, 0x07, 0xFF, 0xC0,
  0xFF, 0xF0, 0x1F, 0xFC, 0x07, 0xFF, 0x01, 0xFF, 0xC0, 0xFF, 0xF0, 0x7E,
  0xFF, 0xFF, 0xBF, 0xFF, 0xCF, 0xFF, 0xE3, 0xFF, 0xF0, 0xFF, 0xC0, 0x3F,
  0x00, 0x0F, 0xC0, 0x03, 0xF0, 0x00, 0xFC, 0x00, 0x3F, 0x00, 0x0F, 0xC0,
  0x03, 0xF0, 0x00, 0xFC, 0x00, 0x3F, 0x00, 0x00, 0x07, 0xF0, 0x0F, 0xFE,
  0x0F, 0xFF, 0x8F, 0xFF, 0xE7, 0xFF, 0xF7, 0xE0, 0xFF, 0xF0, 0x7F, 0xF0,
  0x1F, 0xF8, 0x0F, 0xFC, 0x07, 0xFE, 0x03, 0xFF, 0x01, 0xFF, 0x80, 0xFF,
  0xC0, 0x7F, 0xE0, 0x3F, 0xF0, 0x1F, 0xF8, 0x0F, 0xFC, 0x07, 0xFE, 0x03,
  0xFF, 0x03, 0xFF, 0xC1, 0xFB, 0xFF, 0xF9, 0xFF, 0xFC, 0x7F, 0xFC, 0x1F,
  0xFC, 0x03, 0xFC, 0x00, 0x1F, 0x00, 0x0F, 0xC0, 0x03, 0xE0, 0x01, 0xF8,
  0x00, 0x7E, 0x00, 0x1F, 0xFF, 0xF0, 0x3F, 0xFF, 0x0F, 0xFF, 0xE3, 0xFF,
  0xFC, 0xFF, 0xFF, 0xBE, 0x07, 0xEF, 0x80, 0xFB, 0xE0, 0x3E, 0xF8, 0x0F,
  0xBE, 0x03, 0xEF, 0x81, 0xFB, 0xFF, 0xFE, 0xFF, 0xFF, 0x3F, 0xFF, 0x8F,
  0xFF, 0xC3, 0xFF, 0xE0, 0xF8, 0xFC, 0x3E, 0x1F, 0x0F, 0x87, 0xC3, 0xE1,
  0xF8, 0xF8, 0x3E, 0x3E, 0x0F, 0xCF, 0x81, 0xF3, 0xE0, 0x7E, 0xF8, 0x1F,
  0xBE, 0x03, 0xF0, 0x07, 0xF0, 0x0F, 0xFE, 0x0F, 0xFF, 0x8F, 0xFF, 0xEF,
  0xFF, 0xF7, 0xE0, 0xFF, 0xE0, 0x3F, 0xF0, 0x00, 0xF8, 0x00, 0x7F, 0x00,
  0x1F, 0xF8, 0x0F, 0xFF, 0x03, 0xFF, 0xE0, 0x7F, 0xF8, 0x0F, 0xFC, 0x00,
  0x7F, 0x00, 0x0F, 0x80, 0x07, 0xFE, 0x03, 0xFF, 0x01, 0xFF, 0xC1, 0xFF,
  0xFF, 0xFD, 0xFF, 0xFC, 0x7F, 0xFC, 0x1F, 0xFC, 0x03, 0xF8, 0x00, 0xFF,
  0xFF, 0xFF, 0xFF, 0xFF, 0xFF, 0xFF, 0xFF, 0xFF, 0xFF, 0xFF, 0xFE, 0x03,
  0xE0, 0x00, 0x7C, 0x00, 0x0F, 0x80, 0x01, 0xF0, 0x00, 0x3E, 0x00, 0x07,
  0xC0, 0x00, 0xF8, 0x00, 0x1F, 0x00, 0x03, 0xE0, 0x00, 0x7C, 0x00, 0x0F,
  0x80, 0x01, 0xF0, 0x00, 0x3E, 0x00, 0x07, 0xC0, 0x00, 0xF8, 0x00, 0x1F,
  0x00, 0x03, 0xE0, 0x00, 0x7C, 0x00, 0x0F, 0x80, 0x01, 0xF0, 0x00, 0x3E,
  0x00, 0xF8, 0x0F, 0xFC, 0x07, 0xFE, 0x03, 0xFF, 0x01, 0xFF, 0x80, 0xFF,
  0xC0, 0x7F, 0xE0, 0x3F, 0xF0, 0x1F, 0xF8, 0x0F, 0xFC, 0x07, 0xFE, 0x03,
  0xFF, 0x01, 0xFF, 0x80, 0xFF, 0xC0, 0x7F, 0xE0, 0x3F, 0xF0, 0x1F, 0xF8,
  0x0F, 0xFC, 0x07, 0xFE, 0x03, 0xFF, 0x83, 0xFF, 0xC1, 0xFB, 0xFF, 0xF9,
  0xFF, 0xFC, 0x7F, 0xFC, 0x1F, 0xFC, 0x03, 0xF8, 0x00, 0xF8, 0x03, 0xFF,
  0x80, 0x7F, 0xF0, 0x1F, 0xBE, 0x03, 0xE7, 0xC0, 0x7C, 0xF8, 0x0F, 0x9F,
  0x83, 0xF1, 0xF0, 0x7C, 0x3E, 0x0F, 0x87, 0xC1, 0xF0, 0xFC, 0x3E, 0x0F,
  0x8F, 0x81, 0xF1, 0xF0, 0x3E, 0x3E, 0x07, 0xC7, 0xC0, 0x7C, 0xF0, 0x0F,
  0xBE, 0x01, 0xF7, 0xC0, 0x3E, 0xF8, 0x03, 0xDE, 0x00, 0x7F, 0xC0, 0x0F,
  0xF8, 0x01, 0xFF, 0x00, 0x1F, 0xC0, 0x03, 0xF8, 0x00, 0x7F, 0x00, 0xF8,
  0xF8, 0xFF, 0xC7, 0xC7, 0xDE, 0x3E, 0x3C, 0xF1, 0xF1, 0xE7, 0x8D, 0x8F,
  0x3C, 0x6C, 0x79, 0xE3, 0x63, 0xCF, 0x1B, 0x1E, 0x78, 0xD8, 0xF3, 0xCE,
  0xE7, 0x9E, 0x77, 0x3C, 0xF3, 0xB9, 0xE7, 0x9D, 0xCE, 0x1E, 0xEE, 0x70,
  0xF7, 0x77, 0x87, 0xB1, 0xBC, 0x3D, 0x8D, 0xE1, 0xFC, 0x6F, 0x0F, 0xE3,
  0xF8, 0x7F, 0x1F, 0xC3, 0xF8, 0xFE, 0x1F, 0xC7, 0xF0, 0xFE, 0x3F, 0x03,
  0xF1, 0xF8, 0x1F, 0x0F, 0xC0, 0xF8, 0x3E, 0x00, 0xFC, 0x07, 0xEF, 0xC1,
  0xF9, 0xF8, 0x3F, 0x1F, 0x87, 0xC3, 0xF1, 0xF8, 0x3E, 0x3E, 0x07, 0xEF,
  0xC0, 0x7D, 0xF0, 0x0F, 0xFE, 0x00, 0xFF, 0x80, 0x1F, 0xF0, 0x01, 0xFC,
  0x00, 0x3F, 0x80, 0x07, 0xF0, 0x00, 0xFE, 0x00, 0x3F, 0xE0, 0x07, 0xFC,
  0x01, 0xF7, 0xC0, 0x3E, 0xF8, 0x0F, 0xDF, 0x81, 0xF1, 0xF0, 0x7E, 0x3F,
  0x0F, 0x83, 0xE3, 0xF0, 0x7E, 0xFC, 0x07, 0xFF, 0x80, 0xFC, 0xF8, 0x03,
  0xFF, 0x80, 0xFD, 0xF0, 0x1F, 0x3E, 0x03, 0xE7, 0xE0, 0xFC, 0x7C, 0x1F,
  0x0F, 0xC7, 0xE0, 0xF8, 0xF8, 0x1F, 0x1F, 0x01, 0xF7, 0xC0, 0x3E, 0xF8,
  0x03, 0xDE, 0x00, 0x7F, 0xC0, 0x0F, 0xF8, 0x00, 0xFE, 0x00, 0x1F, 0xC0,
  0x01, 0xF0, 0x00, 0x3E, 0x00, 0x07, 0xC0, 0x00, 0xF8, 0x00, 0x1F, 0x00,
  0x03, 0xE0, 0x00, 0x7C, 0x00, 0x0F, 0x80, 0x01, 0xF0, 0x00, 0x3E, 0x00,
  0xFF, 0xFF, 0xFF, 0xFF, 0xFF, 0xFF, 0xFF, 0xFF, 0xFF, 0xE0, 0x0F, 0xC0,
  0x3F, 0x00, 0xFC, 0x01, 0xF8, 0x07, 0xE0, 0x0F, 0xC0, 0x3F, 0x00, 0x7E,
  0x01, 0xF8, 0x07, 0xE0, 0x0F, 0xC0, 0x3F, 0x00, 0x7E, 0x01, 0xF8, 0x03,
  0xF0, 0x0F, 0xC0, 0x1F, 0xFF, 0xFF, 0xFF, 0xFF, 0xFF, 0xFF, 0xFF, 0xFF,
  0xFC, 0xFF, 0xFF, 0xFF, 0xFF, 0xFF, 0xFF, 0xFF, 0xF0, 0x3E, 0x07, 0xC0,
  0xF8, 0x1F, 0x03, 0xE0, 0x7C, 0x0F, 0x81, 0xF0, 0x3E, 0x07, 0xC0, 0xF8,
  0x1F, 0x03, 0xE0, 0x7C, 0x0F, 0x81, 0xF0, 0x3E, 0x07, 0xC0, 0xF8, 0x1F,
  0x03, 0xE0, 0x7C, 0x0F, 0x81, 0xFF, 0xFF, 0xFF, 0xFF, 0xFF, 0xFF, 0xFC,
  0xF8, 0x00, 0x7E, 0x00, 0x3F, 0x00, 0x0F, 0x80, 0x07, 0xE0, 0x01, 0xF0,
  0x00, 0xF8, 0x00, 0x7E, 0x00, 0x1F, 0x00, 0x0F, 0x80, 0x07, 0xE0, 0x01,
  0xF0, 0x00, 0xF8, 0x00, 0x7E, 0x00, 0x1F, 0x00, 0x0F, 0xC0, 0x07, 0xE0,
  0x01, 0xF0, 0x00, 0xFC, 0x00, 0x3E, 0x00, 0x1F, 0x00, 0x0F, 0xC0, 0x03,
  0xE0, 0x01, 0xF0, 0x00, 0xFC, 0x00, 0x3E, 0x00, 0x1F, 0x80, 0x0F, 0xC0,
  0x03, 0xE0, 0x01, 0xF8, 0x00, 0x7C, 0x00, 0x3E, 0x00, 0x1F, 0x80, 0x07,
  0xC0, 0xFF, 0xFF, 0xFF, 0xFF, 0xFF, 0xFF, 0xFE, 0x07, 0xC0, 0xF8, 0x1F,
  0x03, 0xE0, 0x7C, 0x0F, 0x81, 0xF0, 0x3E, 0x07, 0xC0, 0xF8, 0x1F, 0x03,
  0xE0, 0x7C, 0x0F, 0x81, 0xF0, 0x3E, 0x07, 0xC0, 0xF8, 0x1F, 0x03, 0xE0,
  0x7C, 0x0F, 0x81, 0xF0, 0x3F, 0xFF, 0xFF, 0xFF, 0xFF, 0xFF, 0xFF, 0xFC,
  0x03, 0xE0, 0x03, 0xF8, 0x01, 0xFC, 0x01, 0xFF, 0x00, 0xF7, 0x80, 0x7B,
  0xC0, 0x7D, 0xF0, 0x3C, 0x78, 0x3E, 0x3E, 0x1F, 0x1F, 0x0F, 0x07, 0x8F,
  0x83, 0xE7, 0xC1, 0xF7, 0xC0, 0x7C, 0xFF, 0xFF, 0xFF, 0xFF, 0xFF, 0xFF,
  0xFF, 0xFF, 0xFF, 0xFF, 0xF8, 0xF8, 0x3E, 0x1F, 0x87, 0xE1, 0xF8, 0x07,
  0xF0, 0x0F, 0xFE, 0x0F, 0xFF, 0x8F, 0xFF, 0xE7, 0xFF, 0xF3, 0xE0, 0xFD,
  0xF0, 0x7E, 0x00, 0x3F, 0x0F, 0xFF, 0x9F, 0xFF, 0xDF, 0xFF, 0xFF, 0x83,
  0xFF, 0x81, 0xFF, 0xC0, 0xFF, 0xE0, 0x7F, 0xFF, 0xFF, 0xFF, 0xFF, 0xBF,
  0xF7, 0xCF, 0xF3, 0xE3, 0xF1, 0xF0, 0xFC, 0x00, 0x7E, 0x00, 0x3F, 0x00,
  0x1F, 0x80, 0x0F, 0xC0, 0x07, 0xE0, 0x03, 0xF3, 0xE1, 0xFB, 0xFC, 0xFB,
  0xFF, 0x7D, 0xFF, 0xBF, 0xFF, 0xDF, 0x83, 0xFF, 0xC1, 0xFF, 0xE0, 0x7F,
  0xF0, 0x3F, 0xF8, 0x1F, 0xFC, 0x0F, 0xFE, 0x07, 0xFF, 0x03, 0xFF, 0x83,
  0xFF, 0xC1, 0xFF, 0xFF, 0xFB, 0xFF, 0xFD, 0xF7, 0xFE, 0xF9, 0xFE, 0x7C,
  0x7C, 0x00, 0x07, 0xF0, 0x0F, 0xFE, 0x0F, 0xFF, 0x8F, 0xFF, 0xE7, 0xFF,
  0xFB, 0xE0, 0xFF, 0xF0, 0x3F, 0xF8, 0x00, 0xFC, 0x00, 0x7E, 0x00, 0x3F,
  0x00, 0x1F, 0x80, 0x0F, 0xC0, 0x07, 0xE0, 0x7D, 0xF0, 0x7E, 0xFF, 0xFF,
  0x7F, 0xFF, 0x1F, 0xFF, 0x87, 0xFF, 0x00, 0xFE, 0x00, 0x00, 0x1F, 0x80,
  0x0F, 0xC0, 0x07, 0xE0, 0x03, 0xF0, 0x01, 0xF8, 0x00, 0xFC, 0x3E, 0x7E,
  0x7F, 0xBF, 0x7F, 0xEF, 0xBF, 0xF7, 0xFF, 0xFF, 0xFF, 0x83, 0xFF, 0xC1,
  0xFF, 0xC0, 0xFF, 0xE0, 0x7F, 0xF0, 0x3F, 0xF8, 0x1F, 0xFC, 0x0F, 0xFE,
  0x07, 0xFF, 0x83, 0xFF, 0xC1, 0xFB, 0xFF, 0xFD, 0xFF, 0xFE, 0xFF, 0xDF,
  0x3F, 0xCF, 0x87, 0xC7, 0xC0, 0x07, 0xF0, 0x0F, 0xFE, 0x0F, 0xFF, 0x8F,
  0xFF, 0xE7, 0xC1, 0xF7, 0xE0, 0xFF, 0xE0, 0x3F, 0xF0, 0x1F, 0xFF, 0xFF,
  0xFF, 0xFF, 0xFF, 0xFF, 0xFF, 0x00, 0x0F, 0x80, 0x07, 0xC0, 0x03, 0xF0,
  0x7E, 0xFF, 0xFE, 0x7F, 0xFF, 0x1F, 0xFF, 0x07, 0xFF, 0x00, 0xFE, 0x00,
  0x00, 0xFF, 0x80, 0xFF, 0xC0, 0xFF, 0xE0, 0xFF, 0xF0, 0x7F, 0xF8, 0x3E,
  0x00, 0x1F, 0x00, 0x0F, 0x80, 0x07, 0xC0, 0x7F, 0xFF, 0xFF, 0xFF, 0xFF,
  0xFF, 0xFF, 0xFF, 0xFF, 0xFF, 0xFC, 0x1F, 0x00, 0x0F, 0x80, 0x07, 0xC0,
  0x03, 0xE0, 0x01, 0xF0, 0x00, 0xF8, 0x00, 0x7C, 0x00, 0x3E, 0x00, 0x1F,
  0x00, 0x0F, 0x80, 0x07, 0xC0, 0x03, 0xE0, 0x00, 0x0F, 0x8F, 0x9F, 0xE7,
  0xDF, 0xFB, 0xEF, 0xFF, 0xF7, 0xFF, 0xFF, 0xE0, 0xFF, 0xF0, 0x7F, 0xF0,
  0x3F, 0xF8, 0x1F, 0xFC, 0x0F, 0xFE, 0x07, 0xFF, 0x03, 0xFF, 0xC1, 0xFF,
  0xF1, 0xFD, 0xFF, 0xFE, 0xFF, 0xFF, 0x3F, 0xEF, 0x8F, 0xE7, 0xC1, 0xC3,
  0xE0, 0x03, 0xF0, 0x01, 0xF8, 0xFF, 0xF8, 0x7F, 0xFC, 0x3F, 0xFC, 0x1F,
  0xFC, 0x0F, 0xF8, 0x00, 0xFC, 0x00, 0x7E, 0x00, 0x3F, 0x00, 0x1F, 0x80,
  0x0F, 0xC0, 0x07, 0xE0, 0x03, 0xF3, 0xE1, 0xFB, 0xFC, 0xFB, 0xFE, 0x7F,
  0xFF, 0xBF, 0xFF, 0xDF, 0x83, 0xFF, 0xC1, 0xFF, 0xE0, 0xFF, 0xF0, 0x3F,
  0xF8, 0x1F, 0xFC, 0x0F, 0xFE, 0x07, 0xFF, 0x03, 0xFF, 0x81, 0xFF, 0xC0,
  0xFF, 0xE0, 0x7F, 0xF0, 0x3F, 0xF8, 0x1F, 0xFC, 0x0F, 0xFE, 0x07, 0xC0,
  0x01, 0xE0, 0x00, 0xFC, 0x00, 0x3F, 0x00, 0x0F, 0xC0, 0x03, 0xF0, 0x00,
  0x78, 0x00, 0x00, 0x00, 0x00, 0x00, 0x00, 0x00, 0x1F, 0xFC, 0x07, 0xFF,
  0x01, 0xFF, 0xC0, 0x7F, 0xF0, 0x1F, 0xFC, 0x00, 0x1F, 0x00, 0x07, 0xC0,
  0x01, 0xF0, 0x00, 0x7C, 0x00, 0x1F, 0x00, 0x07, 0xC0, 0x01, 0xF0, 0x00,
  0x7C, 0x00, 0x1F, 0x00, 0x07, 0xC0, 0xFF, 0xFF, 0xFF, 0xFF, 0xFF, 0xFF,
  0xFF, 0xFF, 0xFF, 0xFF, 0xFF, 0xC0, 0x00, 0x3C, 0x00, 0xF8, 0x01, 0xF8,
  0x07, 0xF0, 0x07, 0xC0, 0x07, 0x80, 0x00, 0x00, 0x00, 0x00, 0x01, 0xFF,
  0xFB, 0xFF, 0xF7, 0xFF, 0xEF, 0xFF, 0xDF, 0xFF, 0x80, 0x1F, 0x00, 0x3E,
  0x00, 0x7C, 0x00, 0xF8, 0x01, 0xF0, 0x03, 0xE0, 0x07, 0xC0, 0x0F, 0x80,
  0x1F, 0x00, 0x3E, 0x00, 0x7C, 0x00, 0xF8, 0x01, 0xF0, 0x03, 0xE0, 0x07,
  0xC0, 0x1F, 0x9F, 0xFF, 0x3F, 0xFC, 0x7F, 0xF8, 0xFF, 0xE1, 0xFF, 0x00,
  0xFC, 0x00, 0x3F, 0x00, 0x0F, 0xC0, 0x03, 0xF0, 0x00, 0xFC, 0x00, 0x3F,
  0x00, 0x0F, 0xC0, 0xFF, 0xF0, 0x3E, 0xFC, 0x1F, 0xBF, 0x07, 0xCF, 0xC3,
  0xF3, 0xF0, 0xF8, 0xFC, 0x7E, 0x3F, 0x1F, 0x0F, 0xFF, 0xC3, 0xFF, 0xE0,
  0xFF, 0xF8, 0x3F, 0xFF, 0x0F, 0xFF, 0xC3, 0xF1, 0xF8, 0xFC, 0x7E, 0x3F,
  0x0F, 0xCF, 0xC3, 0xF3, 0xF0, 0x7E, 0xFC, 0x0F, 0xBF, 0x03, 0xF0, 0xFF,
  0xE0, 0x1F, 0xFC, 0x03, 0xFF, 0x80, 0x7F, 0xF0, 0x0F, 0xFE, 0x00, 0x07,
  0xC0, 0x00, 0xF8, 0x00, 0x1F, 0x00, 0x03, 0xE0, 0x00, 0x7C, 0x00, 0x0F,
  0x80, 0x01, 0xF0, 0x00, 0x3E, 0x00, 0x07, 0xC0, 0x00, 0xF8, 0x00, 0x1F,
  0x00, 0x03, 0xE0, 0x00, 0x7C, 0x00, 0x0F, 0x80, 0x01, 0xF0, 0x00, 0x3F,
  0x00, 0x07, 0xFF, 0xC0, 0x7F, 0xF8, 0x0F, 0xFF, 0x00, 0xFF, 0xE0, 0x07,
  0xFC, 0xFB, 0xC7, 0x1F, 0xFD, 0xFB, 0xFF, 0xFF, 0x7F, 0xFF, 0xFF, 0x9F,
  0x3F, 0xF3, 0xE7, 0xFE, 0x7C, 0xFF, 0xCF, 0x9F, 0xF9, 0xF3, 0xFF, 0x3E,
  0x7F, 0xE7, 0xCF, 0xFC, 0xF9, 0xFF, 0x9F, 0x3F, 0xF3, 0xE7, 0xFE, 0x7C,
  0xFF, 0xCF, 0x9F, 0xF9, 0xF3, 0xFF, 0x3E, 0x7F, 0xE7, 0xCF, 0xFC, 0xF9,
  0xF0, 0xF8, 0xF8, 0x7C, 0xFF, 0x3E, 0xFF, 0x9F, 0xFF, 0xEF, 0xFF, 0xF7,
  0xE0, 0xFF, 0xF0, 0x7F, 0xF8, 0x3F, 0xFC, 0x0F, 0xFE, 0x07, 0xFF, 0x03,
  0xFF, 0x81, 0xFF, 0xC0, 0xFF, 0xE0, 0x7F, 0xF0, 0x3F, 0xF8, 0x1F, 0xFC,
  0x0F, 0xFE, 0x07, 0xFF, 0x03, 0xFF, 0x81, 0xF0, 0x07, 0xF0, 0x0F, 0xFE,
  0x0F, 0xFF, 0x8F, 0xFF, 0xE7, 0xFF, 0xF7, 0xE0, 0xFF, 0xF0, 0x7F, 0xF0,
  0x1F, 0xF8, 0x0F, 0xFC, 0x07, 0xFE, 0x03, 0xFF, 0x01, 0xFF, 0x80, 0xFF,
  0xE0, 0xFF, 0xF0, 0x7E, 0xFF, 0xFE, 0x7F, 0xFF, 0x1F, 0xFF, 0x07, 0xFF,
  0x00, 0xFE, 0x00, 0xF8, 0xF8, 0x7C, 0xFF, 0x3E, 0xFF, 0x9F, 0x7F, 0xEF,
  0xFF, 0xF7, 0xE0, 0xFF, 0xF0, 0x7F, 0xF8, 0x1F, 0xFC, 0x0F, 0xFE, 0x07,
  0xFF, 0x03, 0xFF, 0x81, 0xFF, 0xC0, 0xFF, 0xE0, 0xFF, 0xF0, 0x7F, 0xFF,
  0xFE, 0xFB, 0xFF, 0x7D, 0xFF, 0x3E, 0x7F, 0x9F, 0x9F, 0x0F, 0xC0, 0x07,
  0xE0, 0x03, 0xF0, 0x01, 0xF8, 0x00, 0xFC, 0x00, 0x7E, 0x00, 0x00, 0x0F,
  0x8F, 0x9F, 0xE7, 0xDF, 0xFB, 0xEF, 0xFD, 0xFF, 0xFF, 0xFF, 0xE0, 0xFF,
  0xF0, 0x7F, 0xF0, 0x3F, 0xF8, 0x1F, 0xFC, 0x0F, 0xFE, 0x07, 0xFF, 0x03,
  0xFF, 0x81, 0xFF, 0xE0, 0xFF, 0xF0, 0x7E, 0xFF, 0xFF, 0x7F, 0xEF, 0xBF,
  0xF7, 0xCF, 0xF3, 0xE1, 0xF3, 0xF0, 0x01, 0xF8, 0x00, 0xFC, 0x00, 0x7E,
  0x00, 0x3F, 0x00, 0x1F, 0x80, 0x0F, 0xC0, 0xF8, 0xF8, 0x7D, 0xFF, 0x3E,
  0xFF, 0x9F, 0xFF, 0xEF, 0xFF, 0xF7, 0xE0, 0xFB, 0xF0, 0x7F, 0xF0, 0x3F,
  0xF8, 0x1F, 0xFC, 0x00, 0x3E, 0x00, 0x1F, 0x00, 0x0F, 0x80, 0x07, 0xC0,
  0x03, 0xE0, 0x01, 0xF0, 0x00, 0xF8, 0x00, 0x7C, 0x00, 0x3E, 0x00, 0x1F,
  0x00, 0x00, 0x0F, 0xF8, 0x1F, 0xFF, 0x1F, 0xFF, 0xDF, 0xFF, 0xEF, 0xFF,
  0xFF, 0xC0, 0x7F, 0xE0, 0x01, 0xF8, 0x00, 0x7F, 0xF8, 0x3F, 0xFF, 0x07,
  0xFF, 0xC0, 0x3F, 0xF0, 0x00, 0xF8, 0x00, 0x7F, 0xE0, 0x3F, 0xFF, 0xFF,
  0xFF, 0xFF, 0xBF, 0xFF, 0x8F, 0xFF, 0x81, 0xFF, 0x00, 0x07, 0xC0, 0x01,
  0xF0, 0x00, 0x7C, 0x00, 0x1F, 0x00, 0x07, 0xC0, 0x3F, 0xFF, 0xFF, 0xFF,
  0xFF, 0xFF, 0xFF, 0xFF, 0xFF, 0xFF, 0xFF, 0xF0, 0x7C, 0x00, 0x1F, 0x00,
  0x07, 0xC0, 0x01, 0xF0, 0x00, 0x7C, 0x00, 0x1F, 0x00, 0x07, 0xC0, 0x01,
  0xF0, 0x00, 0x7C, 0x00, 0x1F, 0x80, 0x07, 0xFF, 0xC0, 0xFF, 0xF0, 0x3F,
  0xFC, 0x07, 0xFF, 0x00, 0x7F, 0xC0, 0xF8, 0x0F, 0xFC, 0x07, 0xFE, 0x03,
  0xFF, 0x01, 0xFF, 0x80, 0xFF, 0xC0, 0x7F, 0xE0, 0x3F, 0xF0, 0x1F, 0xF8,
  0x0F, 0xFC, 0x07, 0xFE, 0x03, 0xFF, 0x01, 0xFF, 0xC1, 0xFF, 0xE0, 0xFD,
  0xF0, 0x7C, 0xFF, 0xFE, 0x7F, 0xFF, 0x1F, 0xFF, 0x07, 0xFF, 0x00, 0xFE,
  0x00, 0xF8, 0x03, 0xFF, 0x80, 0xFD, 0xF0, 0x1F, 0x3E, 0x03, 0xE7, 0xE0,
  0xFC, 0x7C, 0x1F, 0x0F, 0x83, 0xE1, 0xF8, 0xFC, 0x1F, 0x1F, 0x03, 0xE3,
  0xE0, 0x7C, 0x7C, 0x07, 0xDF, 0x80, 0xFB, 0xE0, 0x1F, 0x7C, 0x03, 0xEF,
  0x80, 0x3F, 0xE0, 0x07, 0xFC, 0x00, 0xFF, 0x80, 0x0F, 0xE0, 0x01, 0xFC,
  0x00, 0xF0, 0xF8, 0x7F, 0x87, 0xC3, 0xDE, 0x3E, 0x1C, 0xF1, 0xF1, 0xE7,
  0x8D, 0x8F, 0x3C, 0x6C, 0x79, 0xE7, 0x73, 0xCF, 0x3B, 0x9E, 0x79, 0xDC,
  0xF1, 0xEE, 0xEF, 0x0F, 0x77, 0x78, 0x7B, 0xBB, 0xC3, 0xF8, 0xFE, 0x1F,
  0xC7, 0xF0, 0xFE, 0x3F, 0x87, 0xF1, 0xFC, 0x1F, 0x8F, 0xC0, 0xFC, 0x7E,
  0x07, 0xE3, 0xF0, 0x3E, 0x0F, 0x80, 0xFE, 0x0F, 0xEF, 0xC1, 0xF8, 0xFC,
  0x7E, 0x0F, 0x8F, 0x81, 0xFB, 0xF0, 0x1F, 0x7C, 0x01, 0xFF, 0x80, 0x3F,
  0xE0, 0x03, 0xF8, 0x00, 0x7F, 0x00, 0x0F, 0xE0, 0x03, 0xFE, 0x00, 0x7F,
  0xC0, 0x1F, 0x7C, 0x07, 0xEF, 0xC0, 0xF8, 0xF8, 0x3F, 0x1F, 0x87, 0xC1,
  0xF9, 0xF8, 0x3F, 0x7E, 0x03, 0xF0, 0xF8, 0x07, 0xFF, 0x80, 0xFD, 0xF0,
  0x1F, 0x3F, 0x07, 0xE3, 0xE0, 0xFC, 0x7C, 0x1F, 0x0F, 0xC7, 0xE0, 0xF8,
  0xFC, 0x1F, 0x1F, 0x01, 0xF7, 0xE0, 0x3E, 0xF8, 0x07, 0xDF, 0x00, 0x7F,
  0xE0, 0x0F, 0xF8, 0x01, 0xFF, 0x00, 0x1F, 0xE0, 0x03, 0xF8, 0x00, 0x3F,
  0x00, 0x07, 0xE0, 0x00, 0xF8, 0x00, 0x3F, 0x00, 0x07, 0xE0, 0x00, 0xF8,
  0x00, 0x3F, 0x00, 0x07, 0xE0, 0x01, 0xF8, 0x00, 0x7F, 0xFF, 0x3F, 0xFF,
  0x9F, 0xFF, 0xCF, 0xFF, 0xE7, 0xFF, 0xF0, 0x03, 0xF0, 0x03, 0xF8, 0x03,
  0xF8, 0x01, 0xF8, 0x01, 0xF8, 0x01, 0xF8, 0x01, 0xF8, 0x01, 0xF8, 0x01,
  0xF8, 0x01, 0xF8, 0x01, 0xFF, 0xFF, 0xFF, 0xFF, 0xFF, 0xFF, 0xFF, 0xFF,
  0xFF, 0xFF, 0xF0, 0x00, 0x1F, 0x00, 0x7F, 0x00, 0xFF, 0x01, 0xFF, 0x01,
  0xFF, 0x01, 0xF8, 0x01, 0xF0, 0x01, 0xF0, 0x01, 0xF0, 0x01, 0xF0, 0x01,
  0xF0, 0x01, 0xF0, 0x01, 0xF8, 0x01, 0xF8, 0x01, 0xF0, 0xFF, 0xF0, 0xFF,
  0xE0, 0xFF, 0x80, 0xFF, 0xE0, 0xFF, 0xF0, 0x01, 0xF0, 0x01, 0xF8, 0x01,
  0xF0, 0x01, 0xF0, 0x01, 0xF0, 0x01, 0xF0, 0x01, 0xF0, 0x01, 0xF0, 0x01,
  0xF0, 0x01, 0xFF, 0x01, 0xFF, 0x00, 0xFF, 0x00, 0xFF, 0x00, 0x3F, 0xFF,
  0xFF, 0xFF, 0xFF, 0xFF, 0xFF, 0xFF, 0xFF, 0xFF, 0xFF, 0xFF, 0xFF, 0xFF,
  0xFF, 0xFF, 0xFF, 0xFF, 0xFF, 0xFF, 0xFF, 0xFF, 0xC0, 0xF8, 0x00, 0xFE,
  0x00, 0xFF, 0x00, 0xFF, 0x80, 0xFF, 0x80, 0x1F, 0x80, 0x0F, 0x80, 0x0F,
  0x80, 0x0F, 0x80, 0x0F, 0x80, 0x0F, 0x80, 0x0F, 0x80, 0x1F, 0x80, 0x1F,
  0x80, 0x0F, 0x80, 0x0F, 0xFF, 0x07, 0xFF, 0x01, 0xFF, 0x07, 0xFF, 0x0F,
  0xFF, 0x0F, 0x80, 0x1F, 0x80, 0x0F, 0x80, 0x0F, 0x80, 0x0F, 0x80, 0x0F,
  0x80, 0x0F, 0x80, 0x0F, 0x80, 0x0F, 0x80, 0xFF, 0x80, 0xFF, 0x80, 0xFF,
  0x00, 0xFE, 0x00, 0xFC, 0x00, 0x0E, 0x00, 0x07, 0xF0, 0x01, 0xFF, 0x0F,
  0xBF, 0xF1, 0xFF, 0xFF, 0x3F, 0xF3, 0xFF, 0xFE, 0x3F, 0xF7, 0xC7, 0xFE,
  0xF8, 0x7F, 0x80, 0x03, 0xE0,
};

const GFXglyph RiposteMonoBold18_Glyphs[] PROGMEM = {
  {     0,   1,   1,  21,    0,     0 },   // ' '
  {     1,   7,  26,  21,    7,   -25 },   // '!'
  {    24,  15,  11,  21,    3,   -25 },   // '"'
  {    45,  19,  26,  21,    1,   -25 },   // '#'
  {   107,  17,  36,  21,    2,   -30 },   // '$'
  {   184,  21,  26,  21,    0,   -25 },   // '%'
  {   253,  22,  26,  21,    0,   -25 },   // '&'
  {   325,   5,  11,  21,    8,   -25 },   // '''
  {   332,  12,  33,  21,    5,   -28 },   // '('
  {   382,  12,  33,  21,    4,   -28 },   // ')'
  {   432,  19,  19,  21,    1,   -21 },   // '*'
  {   478,  17,  17,  21,    2,   -19 },   // '+'
  {   515,   8,  11,  21,    6,    -4 },   // ','
  {   526,  11,   5,  21,    5,   -13 },   // '-'
  {   533,   7,   7,  21,    7,    -6 },   // '.'
  {   540,  17,  34,  21,    2,   -29 },   // '/'
  {   613,  17,  26,  21,    2,   -25 },   // '0'
  {   669,  17,  26,  21,    3,   -25 },   // '1'
  {   725,  17,  26,  21,    2,   -25 },   // '2'
  {   781,  17,  26,  21,    2,   -25 },   // '3'
  {   837,  16,  26,  21,    2,   -25 },   // '4'
  {   889,  17,  26,  21,    2,   -25 },   // '5'
  {   945,  17,  26,  21,    2,   -25 },   // '6'
  {  1001,  18,  26,  21,    2,   -25 },   // '7'
  {  1060,  17,  26,  21,    2,   -25 },   // '8'
  {  1116,  17,  26,  21,    2,   -25 },   // '9'
  {  1172,   7,  20,  21,    7,   -19 },   // ':'
  {  1190,   8,  25,  21,    6,   -19 },   // ';'
  {  1215,  17,  19,  21,    2,   -20 },   // '<'
  {  1256,  15,  14,  21,    3,   -18 },   // '='
  {  1283,  17,  19,  21,    2,   -20 },   // '>'
  {  1324,  14,  26,  21,    4,   -25 },   // '?'
  {  1370,  19,  32,  21,    1,   -25 },   // '@'
  {  1446,  19,  26,  21,    1,   -25 },   // 'A'
  {  1508,  18,  26,  21,    2,   -25 },   // 'B'
  {  1567,  17,  26,  21,    2,   -25 },   // 'C'
  {  1623,  17,  26,  21,    2,   -25 },   // 'D'
  {  1679,  16,  26,  21,    3,   -25 },   // 'E'
  {  1731,  17,  26,  21,    2,   -25 },   // 'F'
  {  1787,  17,  26,  21,    2,   -25 },   // 'G'
  {  1843,  17,  26,  21,    2,   -25 },   // 'H'
  {  1899,  15,  26,  21,    3,   -25 },   // 'I'
  {  1948,  17,  26,  21,    1,   -25 },   // 'J'
  {  2004,  18,  26,  21,    2,   -25 },   // 'K'
  {  2063,  16,  26,  21,    4,   -25 },   // 'L'
  {  2115,  19,  26,  21,    1,   -25 },   // 'M'
  {  2177,  17,  26,  21,    2,   -25 },   // 'N'
  {  2233,  17,  26,  21,    2,   -25 },   // 'O'
  {  2289,  18,  26,  21,    2,   -25 },   // 'P'
  {  2348,  17,  32,  21,    2,   -25 },   // 'Q'
  {  2416,  18,  26,  21,    2,   -25 },   // 'R'
  {  2475,  17,  26,  21,    2,   -25 },   // 'S'
  {  2531,  19,  26,  21,    1,   -25 },   // 'T'
  {  2593,  17,  26,  21,    2,   -25 },   // 'U'
  {  2649,  19,  26,  21,    1,   -25 },   // 'V'
  {  2711,  21,  26,  21,    0,   -25 },   // 'W'
  {  2780,  19,  26,  21,    1,   -25 },   // 'X'
  {  2842,  19,  26,  21,    1,   -25 },   // 'Y'
  {  2904,  15,  26,  21,    3,   -25 },   // 'Z'
  {  2953,  11,  34,  21,    6,   -29 },   // '['
  {  3000,  17,  34,  21,    2,   -29 },   // '\\'
  {  3073,  11,  34,  21,    4,   -29 },   // ']'
  {  3120,  17,  14,  21,    2,   -25 },   // '^'
  {  3150,  17,   5,  21,    2,     2 },   // '_'
  {  3161,   9,   5,  21,    5,   -27 },   // '`'
  {  3167,  17,  20,  21,    2,   -19 },   // 'a'
  {  3210,  17,  26,  21,    2,   -25 },   // 'b'
  {  3266,  17,  20,  21,    2,   -19 },   // 'c'
  {  3309,  17,  26,  21,    2,   -25 },   // 'd'
  {  3365,  17,  20,  21,    2,   -19 },   // 'e'
  {  3408,  17,  26,  21,    2,   -25 },   // 'f'
  {  3464,  17,  26,  21,    2,   -19 },   // 'g'
  {  3520,  17,  26,  21,    2,   -25 },   // 'h'
  {  3576,  18,  29,  21,    2,   -28 },   // 'i'
  {  3642,  15,  35,  21,    2,   -28 },   // 'j'
  {  3708,  18,  26,  21,    2,   -25 },   // 'k'
  {  3767,  19,  26,  21,    1,   -25 },   // 'l'
  {  3829,  19,  20,  21,    1,   -19 },   // 'm'
  {  3877,  17,  20,  21,    2,   -19 },   // 'n'
  {  3920,  17,  20,  21,    2,   -19 },   // 'o'
  {  3963,  17,  26,  21,    2,   -19 },   // 'p'
  {  4019,  17,  26,  21,    2,   -19 },   // 'q'
  {  4075,  17,  20,  21,    3,   -19 },   // 'r'
  {  4118,  17,  20,  21,    2,   -19 },   // 's'
  {  4161,  18,  25,  21,    1,   -24 },   // 't'
  {  4218,  17,  20,  21,    2,   -19 },   // 'u'
  {  4261,  19,  20,  21,    1,   -19 },   // 'v'
  {  4309,  21,  20,  21,    0,   -19 },   // 'w'
  {  4362,  19,  20,  21,    1,   -19 },   // 'x'
  {  4410,  19,  26,  21,    1,   -19 },   // 'y'
  {  4472,  17,  20,  21,    2,   -19 },   // 'z'
  {  4515,  16,  34,  21,    2,   -29 },   // '{'
  {  4583,   5,  34,  21,    8,   -29 },   // '|'
  {  4605,  16,  34,  21,    3,   -29 },   // '}'
  {  4673,  19,  10,  21,    1,   -17 },   // '~'
};

const GFXfont RiposteMonoBold18 PROGMEM = {
  (uint8_t  *)RiposteMonoBold18_Bitmaps,
  (GFXglyph *)RiposteMonoBold18_Glyphs,
  0x20, 0x7E, 47 };

// RiposteClockFont: generated from JetBrainsMono-ExtraBold.ttf at 105px EM,
// chars 0x30-0x3A. Adafruit GFX format.
const uint8_t RiposteClockFont_Bitmaps[] PROGMEM = {
  0x00, 0x00, 0x0F, 0xFF, 0x00, 0x00, 0x00, 0x00, 0x1F, 0xFF, 0xFE, 0x00,
  0x00, 0x00, 0x1F, 0xFF, 0xFF, 0xF0, 0x00, 0x00, 0x0F, 0xFF, 0xFF, 0xFF,
  0x80, 0x00, 0x07, 0xFF, 0xFF, 0xFF, 0xFC, 0x00, 0x01, 0xFF, 0xFF, 0xFF,
  0xFF, 0xC0, 0x00, 0x7F, 0xFF, 0xFF, 0xFF, 0xFC, 0x00, 0x1F, 0xFF, 0xFF,
  0xFF, 0xFF, 0xC0, 0x07, 0xFF, 0xFF, 0xFF, 0xFF, 0xFC, 0x01, 0xFF, 0xFF,
  0xFF, 0xFF, 0xFF, 0xC0, 0x3F, 0xFF, 0xFF, 0xFF, 0xFF, 0xF8, 0x0F, 0xFF,
  0xFF, 0xFF, 0xFF, 0xFF, 0x81, 0xFF, 0xFF, 0xFF, 0xFF, 0xFF, 0xF0, 0x7F,
  0xFF, 0xFF, 0xFF, 0xFF, 0xFF, 0x0F, 0xFF, 0xFE, 0x00, 0xFF, 0xFF, 0xE3,
  0xFF, 0xFF, 0x00, 0x07, 0xFF, 0xFE, 0x7F, 0xFF, 0xC0, 0x00, 0x7F, 0xFF,
  0xCF, 0xFF, 0xF0, 0x00, 0x07, 0xFF, 0xF9, 0xFF, 0xFC, 0x00, 0x00, 0x7F,
  0xFF, 0x3F, 0xFF, 0x80, 0x00, 0x0F, 0xFF, 0xEF, 0xFF, 0xE0, 0x00, 0x00,
  0xFF, 0xFF, 0xFF, 0xFC, 0x00, 0x00, 0x1F, 0xFF, 0xFF, 0xFF, 0x80, 0x00,
  0x03, 0xFF, 0xFF, 0xFF, 0xF0, 0x00, 0x00, 0x7F, 0xFF, 0xFF, 0xFE, 0x00,
  0x00, 0x0F, 0xFF, 0xFF, 0xFF, 0xC0, 0x00, 0x01, 0xFF, 0xFF, 0xFF, 0xF8,
  0x00, 0x00, 0x3F, 0xFF, 0xFF, 0xFF, 0x00, 0x00, 0x07, 0xFF, 0xFF, 0xFF,
  0xE0, 0x00, 0x00, 0xFF, 0xFF, 0xFF, 0xFC, 0x00, 0x00, 0x1F, 0xFF, 0xFF,
  0xFF, 0x80, 0x00, 0x03, 0xFF, 0xFF, 0xFF, 0xF0, 0x00, 0x00, 0x7F, 0xFF,
  0xFF, 0xFE, 0x01, 0xE0, 0x0F, 0xFF, 0xFF, 0xFF, 0xC0, 0xFF, 0x81, 0xFF,
  0xFF, 0xFF, 0xF8, 0x3F, 0xF8, 0x3F, 0xFF, 0xFF, 0xFF, 0x0F, 0xFF, 0x87,
  0xFF, 0xFF, 0xFF, 0xE1, 0xFF, 0xF0, 0xFF, 0xFF, 0xFF, 0xFC, 0x7F, 0xFF,
  0x1F, 0xFF, 0xFF, 0xFF, 0x8F, 0xFF, 0xE3, 0xFF, 0xFF, 0xFF, 0xF1, 0xFF,
  0xFC, 0x7F, 0xFF, 0xFF, 0xFE, 0x3F, 0xFF, 0x8F, 0xFF, 0xFF, 0xFF, 0xC7,
  0xFF, 0xF1, 0xFF, 0xFF, 0xFF, 0xF8, 0x7F, 0xFC, 0x3F, 0xFF, 0xFF, 0xFF,
  0x07, 0xFF, 0x07, 0xFF, 0xFF, 0xFF, 0xE0, 0x7F, 0xE0, 0xFF, 0xFF, 0xFF,
  0xFC, 0x07, 0xF0, 0x1F, 0xFF, 0xFF, 0xFF, 0x80, 0x00, 0x03, 0xFF, 0xFF,
  0xFF, 0xF0, 0x00, 0x00, 0x7F, 0xFF, 0xFF, 0xFE, 0x00, 0x00, 0x0F, 0xFF,
  0xFF, 0xFF, 0xC0, 0x00, 0x01, 0xFF, 0xFF, 0xFF, 0xF8, 0x00, 0x00, 0x3F,
  0xFF, 0xFF, 0xFF, 0x00, 0x00, 0x07, 0xFF, 0xFF, 0xFF, 0xE0, 0x00, 0x00,
  0xFF, 0xFF, 0xFF, 0xFC, 0x00, 0x00, 0x1F, 0xFF, 0xFF, 0xFF, 0x80, 0x00,
  0x03, 0xFF, 0xFF, 0xFF, 0xF0, 0x00, 0x00, 0x7F, 0xFF, 0xFF, 0xFE, 0x00,
  0x00, 0x0F, 0xFF, 0xFF, 0xFF, 0xC0, 0x00, 0x01, 0xFF, 0xFF, 0xFF, 0xF8,
  0x00, 0x00, 0x3F, 0xFF, 0xBF, 0xFF, 0x80, 0x00, 0x0F, 0xFF, 0xE7, 0xFF,
  0xF0, 0x00, 0x01, 0xFF, 0xFC, 0xFF, 0xFF, 0x00, 0x00, 0x7F, 0xFF, 0x9F,
  0xFF, 0xF0, 0x00, 0x1F, 0xFF, 0xF3, 0xFF, 0xFF, 0x00, 0x07, 0xFF, 0xFE,
  0x3F, 0xFF, 0xF8, 0x03, 0xFF, 0xFF, 0x87, 0xFF, 0xFF, 0xFF, 0xFF, 0xFF,
  0xF0, 0x7F, 0xFF, 0xFF, 0xFF, 0xFF, 0xFC, 0x0F, 0xFF, 0xFF, 0xFF, 0xFF,
  0xFF, 0x80, 0xFF, 0xFF, 0xFF, 0xFF, 0xFF, 0xE0, 0x1F, 0xFF, 0xFF, 0xFF,
  0xFF, 0xFC, 0x01, 0xFF, 0xFF, 0xFF, 0xFF, 0xFF, 0x00, 0x1F, 0xFF, 0xFF,
  0xFF, 0xFF, 0xC0, 0x01, 0xFF, 0xFF, 0xFF, 0xFF, 0xF0, 0x00, 0x1F, 0xFF,
  0xFF, 0xFF, 0xFC, 0x00, 0x01, 0xFF, 0xFF, 0xFF, 0xFF, 0x00, 0x00, 0x0F,
  0xFF, 0xFF, 0xFF, 0x80, 0x00, 0x00, 0x7F, 0xFF, 0xFF, 0xC0, 0x00, 0x00,
  0x03, 0xFF, 0xFF, 0xC0, 0x00, 0x00, 0x00, 0x07, 0xFF, 0x80, 0x00, 0x00,
  0x00, 0x00, 0x7F, 0xFF, 0xE0, 0x00, 0x00, 0x00, 0x1F, 0xFF, 0xFC, 0x00,
  0x00, 0x00, 0x07, 0xFF, 0xFF, 0x80, 0x00, 0x00, 0x03, 0xFF, 0xFF, 0xF0,
  0x00, 0x00, 0x00, 0xFF, 0xFF, 0xFE, 0x00, 0x00, 0x00, 0x3F, 0xFF, 0xFF,
  0xC0, 0x00, 0x00, 0x1F, 0xFF, 0xFF, 0xF8, 0x00, 0x00, 0x07, 0xFF, 0xFF,
  0xFF, 0x00, 0x00, 0x01, 0xFF, 0xFF, 0xFF, 0xE0, 0x00, 0x00, 0xFF, 0xFF,
  0xFF, 0xFC, 0x00, 0x00, 0x3F, 0xFF, 0xFF, 0xFF, 0x80, 0x00, 0x0F, 0xFF,
  0xFF, 0xFF, 0xF0, 0x00, 0x07, 0xFF, 0xFF, 0xFF, 0xFE, 0x00, 0x01, 0xFF,
  0xFF, 0xFF, 0xFF, 0xC0, 0x00, 0x3F, 0xFF, 0xFF, 0xFF, 0xF8, 0x00, 0x07,
  0xFF, 0xFF, 0xFF, 0xFF, 0x00, 0x00, 0xFF, 0xFF, 0xFF, 0xFF, 0xE0, 0x00,
  0x1F, 0xFF, 0xFD, 0xFF, 0xFC, 0x00, 0x03, 0xFF, 0xFE, 0x3F, 0xFF, 0x80,
  0x00, 0x7F, 0xFF, 0x87, 0xFF, 0xF0, 0x00, 0x0F, 0xFF, 0xC0, 0xFF, 0xFE,
  0x00, 0x01, 0xFF, 0xF0, 0x1F, 0xFF, 0xC0, 0x00, 0x3F, 0xFC, 0x03, 0xFF,
  0xF8, 0x00, 0x07, 0xFE, 0x00, 0x7F, 0xFF, 0x00, 0x00, 0xFF, 0x80, 0x0F,
  0xFF, 0xE0, 0x00, 0x1F, 0xC0, 0x01, 0xFF, 0xFC, 0x00, 0x03, 0xF0, 0x00,
  0x3F, 0xFF, 0x80, 0x00, 0x7C, 0x00, 0x07, 0xFF, 0xF0, 0x00, 0x0E, 0x00,
  0x00, 0xFF, 0xFE, 0x00, 0x01, 0x80, 0x00, 0x1F, 0xFF, 0xC0, 0x00, 0x20,
  0x00, 0x03, 0xFF, 0xF8, 0x00, 0x00, 0x00, 0x00, 0x7F, 0xFF, 0x00, 0x00,
  0x00, 0x00, 0x0F, 0xFF, 0xE0, 0x00, 0x00, 0x00, 0x01, 0xFF, 0xFC, 0x00,
  0x00, 0x00, 0x00, 0x3F, 0xFF, 0x80, 0x00, 0x00, 0x00, 0x07, 0xFF, 0xF0,
  0x00, 0x00, 0x00, 0x00, 0xFF, 0xFE, 0x00, 0x00, 0x00, 0x00, 0x1F, 0xFF,
  0xC0, 0x00, 0x00, 0x00, 0x03, 0xFF, 0xF8, 0x00, 0x00, 0x00, 0x00, 0x7F,
  0xFF, 0x00, 0x00, 0x00, 0x00, 0x0F, 0xFF, 0xE0, 0x00, 0x00, 0x00, 0x01,
  0xFF, 0xFC, 0x00, 0x00, 0x00, 0x00, 0x3F, 0xFF, 0x80, 0x00, 0x00, 0x00,
  0x07, 0xFF, 0xF0, 0x00, 0x00, 0x00, 0x00, 0xFF, 0xFE, 0x00, 0x00, 0x00,
  0x00, 0x1F, 0xFF, 0xC0, 0x00, 0x00, 0x00, 0x03, 0xFF, 0xF8, 0x00, 0x00,
  0x00, 0x00, 0x7F, 0xFF, 0x00, 0x00, 0x00, 0x00, 0x0F, 0xFF, 0xE0, 0x00,
  0x00, 0x00, 0x01, 0xFF, 0xFC, 0x00, 0x00, 0x00, 0x00, 0x3F, 0xFF, 0x80,
  0x00, 0x00, 0x00, 0x07, 0xFF, 0xF0, 0x00, 0x00, 0x00, 0x00, 0xFF, 0xFE,
  0x00, 0x00, 0x00, 0x00, 0x1F, 0xFF, 0xC0, 0x00, 0x00, 0x00, 0x03, 0xFF,
  0xF8, 0x00, 0x00, 0x00, 0x00, 0x7F, 0xFF, 0x00, 0x00, 0x00, 0x00, 0x0F,
  0xFF, 0xE0, 0x00, 0x00, 0x00, 0x01, 0xFF, 0xFC, 0x00, 0x00, 0x00, 0x00,
  0x3F, 0xFF, 0x80, 0x00, 0x00, 0x00, 0x07, 0xFF, 0xF0, 0x00, 0x00, 0x00,
  0x00, 0xFF, 0xFE, 0x00, 0x00, 0x00, 0x00, 0x1F, 0xFF, 0xC0, 0x00, 0x00,
  0x00, 0x03, 0xFF, 0xF8, 0x00, 0x07, 0xFF, 0xFF, 0xFF, 0xFF, 0xFF, 0xFF,
  0xFF, 0xFF, 0xFF, 0xFF, 0xFF, 0xFF, 0xFF, 0xFF, 0xFF, 0xFF, 0xFF, 0xFF,
  0xFF, 0xFF, 0xFF, 0xFF, 0xFF, 0xFF, 0xFF, 0xFF, 0xFF, 0xFF, 0xFF, 0xFF,
  0xFF, 0xFF, 0xFF, 0xFF, 0xFF, 0xFF, 0xFF, 0xFF, 0xFF, 0xFF, 0xFF, 0xFF,
  0xFF, 0xFF, 0xFF, 0xFF, 0xFF, 0xFF, 0xFF, 0xFF, 0xFF, 0xFF, 0xFF, 0xFF,
  0xFF, 0xFF, 0xFF, 0xFF, 0xFF, 0xFF, 0xFF, 0xFF, 0xFF, 0xFF, 0xFF, 0xFF,
  0xFF, 0xFF, 0xFF, 0xFF, 0xFF, 0xFF, 0xFF, 0xFF, 0xFF, 0xFF, 0xFF, 0xFF,
  0xFF, 0xFF, 0xFF, 0xFF, 0xFF, 0xFF, 0xFF, 0xFF, 0xFF, 0xFF, 0xFE, 0x00,
  0x00, 0x0F, 0xFE, 0x00, 0x00, 0x00, 0x00, 0x1F, 0xFF, 0xFC, 0x00, 0x00,
  0x00, 0x1F, 0xFF, 0xFF, 0xF0, 0x00, 0x00, 0x0F, 0xFF, 0xFF, 0xFF, 0x80,
  0x00, 0x03, 0xFF, 0xFF, 0xFF, 0xF8, 0x00, 0x01, 0xFF, 0xFF, 0xFF, 0xFF,
  0x80, 0x00, 0x7F, 0xFF, 0xFF, 0xFF, 0xFC, 0x00, 0x1F, 0xFF, 0xFF, 0xFF,
  0xFF, 0xC0, 0x07, 0xFF, 0xFF, 0xFF, 0xFF, 0xF8, 0x01, 0xFF, 0xFF, 0xFF,
  0xFF, 0xFF, 0x80, 0x3F, 0xFF, 0xFF, 0xFF, 0xFF, 0xF8, 0x0F, 0xFF, 0xFF,
  0xFF, 0xFF, 0xFF, 0x03, 0xFF, 0xFF, 0xFF, 0xFF, 0xFF, 0xF0, 0x7F, 0xFF,
  0xFF, 0xFF, 0xFF, 0xFE, 0x1F, 0xFF, 0xFE, 0x01, 0xFF, 0xFF, 0xE3, 0xFF,
  0xFF, 0x00, 0x0F, 0xFF, 0xFC, 0x7F, 0xFF, 0xC0, 0x00, 0xFF, 0xFF, 0xDF,
  0xFF, 0xF0, 0x00, 0x1F, 0xFF, 0xFB, 0xFF, 0xFE, 0x00, 0x01, 0xFF, 0xFF,
  0x7F, 0xFF, 0x80, 0x00, 0x3F, 0xFF, 0xEF, 0xFF, 0xF0, 0x00, 0x03, 0xFF,
  0xFD, 0xFF, 0xFE, 0x00, 0x00, 0x7F, 0xFF, 0xBF, 0xFF, 0x80, 0x00, 0x0F,
  0xFF, 0xF7, 0xFF, 0xF0, 0x00, 0x01, 0xFF, 0xFE, 0x00, 0x00, 0x00, 0x00,
  0x3F, 0xFF, 0xC0, 0x00, 0x00, 0x00, 0x07, 0xFF, 0xF8, 0x00, 0x00, 0x00,
  0x00, 0xFF, 0xFF, 0x00, 0x00, 0x00, 0x00, 0x1F, 0xFF, 0xE0, 0x00, 0x00,
  0x00, 0x03, 0xFF, 0xFC, 0x00, 0x00, 0x00, 0x00, 0xFF, 0xFF, 0x80, 0x00,
  0x00, 0x00, 0x1F, 0xFF, 0xE0, 0x00, 0x00, 0x00, 0x07, 0xFF, 0xFC, 0x00,
  0x00, 0x00, 0x00, 0xFF, 0xFF, 0x80, 0x00, 0x00, 0x00, 0x3F, 0xFF, 0xF0,
  0x00, 0x00, 0x00, 0x0F, 0xFF, 0xFC, 0x00, 0x00, 0x00, 0x03, 0xFF, 0xFF,
  0x80, 0x00, 0x00, 0x00, 0xFF, 0xFF, 0xE0, 0x00, 0x00, 0x00, 0x3F, 0xFF,
  0xFC, 0x00, 0x00, 0x00, 0x0F, 0xFF, 0xFF, 0x00, 0x00, 0x00, 0x03, 0xFF,
  0xFF, 0xC0, 0x00, 0x00, 0x00, 0xFF, 0xFF, 0xF8, 0x00, 0x00, 0x00, 0x3F,
  0xFF, 0xFE, 0x00, 0x00, 0x00, 0x0F, 0xFF, 0xFF, 0x80, 0x00, 0x00, 0x03,
  0xFF, 0xFF, 0xE0, 0x00, 0x00, 0x00, 0xFF, 0xFF, 0xF8, 0x00, 0x00, 0x00,
  0x3F, 0xFF, 0xFE, 0x00, 0x00, 0x00, 0x0F, 0xFF, 0xFF, 0x80, 0x00, 0x00,
  0x01, 0xFF, 0xFF, 0xE0, 0x00, 0x00, 0x00, 0x7F, 0xFF, 0xF8, 0x00, 0x00,
  0x00, 0x1F, 0xFF, 0xFE, 0x00, 0x00, 0x00, 0x07, 0xFF, 0xFF, 0x80, 0x00,
  0x00, 0x01, 0xFF, 0xFF, 0xE0, 0x00, 0x00, 0x00, 0x7F, 0xFF, 0xF8, 0x00,
  0x00, 0x00, 0x1F, 0xFF, 0xFE, 0x00, 0x00, 0x00, 0x07, 0xFF, 0xFF, 0x80,
  0x00, 0x00, 0x01, 0xFF, 0xFF, 0xE0, 0x00, 0x00, 0x00, 0x7F, 0xFF, 0xF8,
  0x00, 0x00, 0x00, 0x1F, 0xFF, 0xFE, 0x00, 0x00, 0x00, 0x07, 0xFF, 0xFF,
  0x80, 0x00, 0x00, 0x01, 0xFF, 0xFF, 0xE0, 0x00, 0x00, 0x00, 0x7F, 0xFF,
  0xF8, 0x00, 0x00, 0x00, 0x1F, 0xFF, 0xFE, 0x00, 0x00, 0x00, 0x07, 0xFF,
  0xFF, 0x80, 0x00, 0x00, 0x01, 0xFF, 0xFF, 0xE0, 0x00, 0x00, 0x00, 0x7F,
  0xFF, 0xFF, 0xFF, 0xFF, 0xFF, 0xEF, 0xFF, 0xFF, 0xFF, 0xFF, 0xFF, 0xFD,
  0xFF, 0xFF, 0xFF, 0xFF, 0xFF, 0xFF, 0xBF, 0xFF, 0xFF, 0xFF, 0xFF, 0xFF,
  0xF7, 0xFF, 0xFF, 0xFF, 0xFF, 0xFF, 0xFE, 0xFF, 0xFF, 0xFF, 0xFF, 0xFF,
  0xFF, 0xDF, 0xFF, 0xFF, 0xFF, 0xFF, 0xFF, 0xFB, 0xFF, 0xFF, 0xFF, 0xFF,
  0xFF, 0xFF, 0x7F, 0xFF, 0xFF, 0xFF, 0xFF, 0xFF, 0xEF, 0xFF, 0xFF, 0xFF,
  0xFF, 0xFF, 0xFD, 0xFF, 0xFF, 0xFF, 0xFF, 0xFF, 0xFF, 0xBF, 0xFF, 0xFF,
  0xFF, 0xFF, 0xFF, 0xF7, 0xFF, 0xFF, 0xFF, 0xFF, 0xFF, 0xFE, 0xFF, 0xFF,
  0xFF, 0xFF, 0xFF, 0xFF, 0xC0, 0x0F, 0xFF, 0xFF, 0xFF, 0xFF, 0xFF, 0x80,
  0xFF, 0xFF, 0xFF, 0xFF, 0xFF, 0xF8, 0x0F, 0xFF, 0xFF, 0xFF, 0xFF, 0xFF,
  0x80, 0xFF, 0xFF, 0xFF, 0xFF, 0xFF, 0xF8, 0x0F, 0xFF, 0xFF, 0xFF, 0xFF,
  0xFF, 0x80, 0xFF, 0xFF, 0xFF, 0xFF, 0xFF, 0xF8, 0x0F, 0xFF, 0xFF, 0xFF,
  0xFF, 0xFF, 0x80, 0xFF, 0xFF, 0xFF, 0xFF, 0xFF, 0xF8, 0x0F, 0xFF, 0xFF,
  0xFF, 0xFF, 0xFF, 0x80, 0xFF, 0xFF, 0xFF, 0xFF, 0xFF, 0xF8, 0x0F, 0xFF,
  0xFF, 0xFF, 0xFF, 0xFF, 0x80, 0xFF, 0xFF, 0xFF, 0xFF, 0xFF, 0xF8, 0x0F,
  0xFF, 0xFF, 0xFF, 0xFF, 0xFF, 0x80, 0xFF, 0xFF, 0xFF, 0xFF, 0xFF, 0xF8,
  0x00, 0x00, 0x00, 0x01, 0xFF, 0xFE, 0x00, 0x00, 0x00, 0x00, 0x3F, 0xFF,
  0xC0, 0x00, 0x00, 0x00, 0x07, 0xFF, 0xF8, 0x00, 0x00, 0x00, 0x00, 0xFF,
  0xFF, 0x00, 0x00, 0x00, 0x00, 0x1F, 0xFF, 0xE0, 0x00, 0x00, 0x00, 0x03,
  0xFF, 0xFC, 0x00, 0x00, 0x00, 0x00, 0x7F, 0xFF, 0x80, 0x00, 0x00, 0x00,
  0x1F, 0xFF, 0xF0, 0x00, 0x00, 0x00, 0x03, 0xFF, 0xFE, 0x00, 0x00, 0x00,
  0x00, 0x7F, 0xFF, 0x80, 0x00, 0x00, 0x00, 0x0F, 0xFF, 0xF0, 0x00, 0x00,
  0x00, 0x01, 0xFF, 0xFE, 0x00, 0x00, 0x00, 0x00, 0x3F, 0xFF, 0xC0, 0x00,
  0x00, 0x00, 0x07, 0xFF, 0xF8, 0x00, 0x00, 0x00, 0x00, 0xFF, 0xFF, 0xE0,
  0x00, 0x00, 0x00, 0x0F, 0xFF, 0xFF, 0xC0, 0x00, 0x00, 0x00, 0xFF, 0xFF,
  0xFF, 0x00, 0x00, 0x00, 0x0F, 0xFF, 0xFF, 0xFC, 0x00, 0x00, 0x00, 0xFF,
  0xFF, 0xFF, 0xF0, 0x00, 0x00, 0x0F, 0xFF, 0xFF, 0xFF, 0x80, 0x00, 0x00,
  0xFF, 0xFF, 0xFF, 0xFC, 0x00, 0x00, 0x0F, 0xFF, 0xFF, 0xFF, 0xE0, 0x00,
  0x00, 0xFF, 0xFF, 0xFF, 0xFF, 0x00, 0x00, 0x0F, 0xFF, 0xFF, 0xFF, 0xF0,
  0x00, 0x00, 0xFF, 0xFF, 0xFF, 0xFF, 0x80, 0x00, 0x0F, 0xFF, 0xFF, 0xFF,
  0xFC, 0x00, 0x00, 0xFF, 0xFF, 0xFF, 0xFF, 0xC0, 0x00, 0x00, 0x00, 0x1F,
  0xFF, 0xFC, 0x00, 0x00, 0x00, 0x00, 0x7F, 0xFF, 0xE0, 0x00, 0x00, 0x00,
  0x03, 0xFF, 0xFE, 0x00, 0x00, 0x00, 0x00, 0x1F, 0xFF, 0xE0, 0x00, 0x00,
  0x00, 0x01, 0xFF, 0xFE, 0x00, 0x00, 0x00, 0x00, 0x1F, 0xFF, 0xF0, 0x00,
  0x00, 0x00, 0x00, 0xFF, 0xFF, 0x00, 0x00, 0x00, 0x00, 0x0F, 0xFF, 0xF0,
  0x00, 0x00, 0x00, 0x00, 0xFF, 0xFF, 0x00, 0x00, 0x00, 0x00, 0x0F, 0xFF,
  0xF0, 0x00, 0x00, 0x00, 0x00, 0xFF, 0xFF, 0x00, 0x00, 0x00, 0x00, 0x0F,
  0xFF, 0xF0, 0x00, 0x00, 0x00, 0x00, 0xFF, 0xFF, 0x00, 0x00, 0x00, 0x00,
  0x0F, 0xFF, 0xF0, 0x00, 0x00, 0x00, 0x00, 0xFF, 0xFF, 0xFF, 0xFF, 0x00,
  0x00, 0x0F, 0xFF, 0xFF, 0xFF, 0xF0, 0x00, 0x00, 0xFF, 0xFF, 0x7F, 0xFF,
  0x80, 0x00, 0x0F, 0xFF, 0xF7, 0xFF, 0xF8, 0x00, 0x01, 0xFF, 0xFE, 0x7F,
  0xFF, 0x80, 0x00, 0x1F, 0xFF, 0xE7, 0xFF, 0xFC, 0x00, 0x03, 0xFF, 0xFE,
  0x7F, 0xFF, 0xE0, 0x00, 0x7F, 0xFF, 0xE3, 0xFF, 0xFF, 0x80, 0x1F, 0xFF,
  0xFE, 0x3F, 0xFF, 0xFF, 0xFF, 0xFF, 0xFF, 0xC3, 0xFF, 0xFF, 0xFF, 0xFF,
  0xFF, 0xFC, 0x1F, 0xFF, 0xFF, 0xFF, 0xFF, 0xFF, 0x81, 0xFF, 0xFF, 0xFF,
  0xFF, 0xFF, 0xF8, 0x0F, 0xFF, 0xFF, 0xFF, 0xFF, 0xFF, 0x00, 0x7F, 0xFF,
  0xFF, 0xFF, 0xFF, 0xE0, 0x03, 0xFF, 0xFF, 0xFF, 0xFF, 0xFC, 0x00, 0x1F,
  0xFF, 0xFF, 0xFF, 0xFF, 0x80, 0x00, 0xFF, 0xFF, 0xFF, 0xFF, 0xF0, 0x00,
  0x07, 0xFF, 0xFF, 0xFF, 0xFE, 0x00, 0x00, 0x1F, 0xFF, 0xFF, 0xFF, 0x80,
  0x00, 0x00, 0x7F, 0xFF, 0xFF, 0xE0, 0x00, 0x00, 0x01, 0xFF, 0xFF, 0xF8,
  0x00, 0x00, 0x00, 0x01, 0xFF, 0xF0, 0x00, 0x00, 0x00, 0x00, 0x00, 0x07,
  0xFF, 0xFC, 0x00, 0x00, 0x00, 0x03, 0xFF, 0xFE, 0x00, 0x00, 0x00, 0x01,
  0xFF, 0xFF, 0x80, 0x00, 0x00, 0x00, 0x7F, 0xFF, 0xC0, 0x00, 0x00, 0x00,
  0x3F, 0xFF, 0xE0, 0x00, 0x00, 0x00, 0x1F, 0xFF, 0xF8, 0x00, 0x00, 0x00,
  0x0F, 0xFF, 0xFC, 0x00, 0x00, 0x00, 0x03, 0xFF, 0xFE, 0x00, 0x00, 0x00,
  0x01, 0xFF, 0xFF, 0x80, 0x00, 0x00, 0x00, 0xFF, 0xFF, 0xC0, 0x00, 0x00,
  0x00, 0x3F, 0xFF, 0xE0, 0x00, 0x00, 0x00, 0x1F, 0xFF, 0xF0, 0x00, 0x00,
  0x00, 0x0F, 0xFF, 0xFC, 0x00, 0x00, 0x00, 0x03, 0xFF, 0xFE, 0x00, 0x00,
  0x00, 0x01, 0xFF, 0xFF, 0x00, 0x00, 0x00, 0x00, 0xFF, 0xFF, 0xC0, 0x00,
  0x00, 0x00, 0x3F, 0xFF, 0xE0, 0x00, 0x00, 0x00, 0x1F, 0xFF, 0xF0, 0x00,
  0x00, 0x00, 0x0F, 0xFF, 0xFC, 0x00, 0x00, 0x00, 0x07, 0xFF, 0xFE, 0x00,
  0x00, 0x00, 0x01, 0xFF, 0xFF, 0x00, 0x00, 0x00, 0x00, 0xFF, 0xFF, 0xC0,
  0x00, 0x00, 0x00, 0x7F, 0xFF, 0xE0, 0x00, 0x00, 0x00, 0x1F, 0xFF, 0xF0,
  0x00, 0x00, 0x00, 0x0F, 0xFF, 0xFC, 0x00, 0x00, 0x00, 0x07, 0xFF, 0xFE,
  0x00, 0x00, 0x00, 0x01, 0xFF, 0xFF, 0x00, 0x00, 0x00, 0x00, 0xFF, 0xFF,
  0x80, 0x00, 0x00, 0x00, 0x7F, 0xFF, 0xE0, 0x00, 0x00, 0x00, 0x1F, 0xFF,
  0xF0, 0x00, 0x00, 0x00, 0x0F, 0xFF, 0xF8, 0x00, 0x00, 0x00, 0x07, 0xFF,
  0xFE, 0x00, 0x00, 0x00, 0x03, 0xFF, 0xFF, 0x00, 0x00, 0x00, 0x00, 0xFF,
  0xFF, 0x80, 0x0F, 0xFF, 0xF0, 0x7F, 0xFF, 0xE0, 0x03, 0xFF, 0xFC, 0x3F,
  0xFF, 0xF0, 0x00, 0xFF, 0xFF, 0x0F, 0xFF, 0xF8, 0x00, 0x3F, 0xFF, 0xC7,
  0xFF, 0xFE, 0x00, 0x0F, 0xFF, 0xF3, 0xFF, 0xFF, 0x00, 0x03, 0xFF, 0xFC,
  0xFF, 0xFF, 0x80, 0x00, 0xFF, 0xFF, 0x7F, 0xFF, 0xE0, 0x00, 0x3F, 0xFF,
  0xFF, 0xFF, 0xF0, 0x00, 0x0F, 0xFF, 0xFF, 0xFF, 0xF8, 0x00, 0x03, 0xFF,
  0xFF, 0xFF, 0xFE, 0x00, 0x00, 0xFF, 0xFF, 0xFF, 0xFF, 0x00, 0x00, 0x3F,
  0xFF, 0xFF, 0xFF, 0x80, 0x00, 0x0F, 0xFF, 0xFF, 0xFF, 0xE0, 0x00, 0x03,
  0xFF, 0xFF, 0xFF, 0xF8, 0x00, 0x00, 0xFF, 0xFF, 0xFF, 0xFE, 0x00, 0x00,
  0x3F, 0xFF, 0xFF, 0xFF, 0xFF, 0xFF, 0xFF, 0xFF, 0xFF, 0xFF, 0xFF, 0xFF,
  0xFF, 0xFF, 0xFF, 0xFF, 0xFF, 0xFF, 0xFF, 0xFF, 0xFF, 0xFF, 0xFF, 0xFF,
  0xFF, 0xFF, 0xFF, 0xFF, 0xFF, 0xFF, 0xFF, 0xFF, 0xFF, 0xFF, 0xFF, 0xFF,
  0xFF, 0xFF, 0xFF, 0xFF, 0xFF, 0xFF, 0xFF, 0xFF, 0xFF, 0xFF, 0xFF, 0xFF,
  0xFF, 0xFF, 0xFF, 0xFF, 0xFF, 0xFF, 0xFF, 0xFF, 0xFF, 0xFF, 0xFF, 0xFF,
  0xFF, 0xFF, 0xFF, 0xFF, 0xFF, 0xFF, 0xFF, 0xFF, 0xFF, 0xFF, 0xFF, 0xFF,
  0xFF, 0xFF, 0xFF, 0xFF, 0xFF, 0xFF, 0xFF, 0xFF, 0xFF, 0xFF, 0xFF, 0xFF,
  0xFF, 0xFF, 0xFF, 0xFF, 0xFF, 0xFC, 0x00, 0x00, 0x00, 0x00, 0xFF, 0xFF,
  0x00, 0x00, 0x00, 0x00, 0x3F, 0xFF, 0xC0, 0x00, 0x00, 0x00, 0x0F, 0xFF,
  0xF0, 0x00, 0x00, 0x00, 0x03, 0xFF, 0xFC, 0x00, 0x00, 0x00, 0x00, 0xFF,
  0xFF, 0x00, 0x00, 0x00, 0x00, 0x3F, 0xFF, 0xC0, 0x00, 0x00, 0x00, 0x0F,
  0xFF, 0xF0, 0x00, 0x00, 0x00, 0x03, 0xFF, 0xFC, 0x00, 0x00, 0x00, 0x00,
  0xFF, 0xFF, 0x00, 0x00, 0x00, 0x00, 0x3F, 0xFF, 0xC0, 0x00, 0x00, 0x00,
  0x0F, 0xFF, 0xF0, 0x00, 0x00, 0x00, 0x03, 0xFF, 0xFC, 0x00, 0x00, 0x00,
  0x00, 0xFF, 0xFF, 0x00, 0x00, 0x00, 0x00, 0x3F, 0xFF, 0xC0, 0x1F, 0xFF,
  0xFF, 0xFF, 0xFF, 0xFF, 0x81, 0xFF, 0xFF, 0xFF, 0xFF, 0xFF, 0xF8, 0x1F,
  0xFF, 0xFF, 0xFF, 0xFF, 0xFF, 0x81, 0xFF, 0xFF, 0xFF, 0xFF, 0xFF, 0xF8,
  0x1F, 0xFF, 0xFF, 0xFF, 0xFF, 0xFF, 0x81, 0xFF, 0xFF, 0xFF, 0xFF, 0xFF,
  0xF8, 0x1F, 0xFF, 0xFF, 0xFF, 0xFF, 0xFF, 0x81, 0xFF, 0xFF, 0xFF, 0xFF,
  0xFF, 0xF8, 0x1F, 0xFF, 0xFF, 0xFF, 0xFF, 0xFF, 0x81, 0xFF, 0xFF, 0xFF,
  0xFF, 0xFF, 0xF8, 0x1F, 0xFF, 0xFF, 0xFF, 0xFF, 0xFF, 0x81, 0xFF, 0xFF,
  0xFF, 0xFF, 0xFF, 0xF8, 0x1F, 0xFF, 0xFF, 0xFF, 0xFF, 0xFF, 0x81, 0xFF,
  0xFF, 0xFF, 0xFF, 0xFF, 0xF8, 0x1F, 0xFF, 0xC0, 0x00, 0x00, 0x00, 0x01,
  0xFF, 0xFC, 0x00, 0x00, 0x00, 0x00, 0x1F, 0xFF, 0xC0, 0x00, 0x00, 0x00,
  0x01, 0xFF, 0xFC, 0x00, 0x00, 0x00, 0x00, 0x1F, 0xFF, 0xC0, 0x00, 0x00,
  0x00, 0x01, 0xFF, 0xFC, 0x00, 0x00, 0x00, 0x00, 0x1F, 0xFF, 0xC0, 0x00,
  0x00, 0x00, 0x01, 0xFF, 0xFC, 0x00, 0x00, 0x00, 0x00, 0x1F, 0xFF, 0xC0,
  0x00, 0x00, 0x00, 0x01, 0xFF, 0xFC, 0x00, 0x00, 0x00, 0x00, 0x1F, 0xFF,
  0xC0, 0x00, 0x00, 0x00, 0x01, 0xFF, 0xFC, 0x00, 0x00, 0x00, 0x00, 0x1F,
  0xFF, 0xC0, 0x00, 0x00, 0x00, 0x01, 0xFF, 0xFF, 0xFF, 0xC0, 0x00, 0x00,
  0x1F, 0xFF, 0xFF, 0xFF, 0xF8, 0x00, 0x01, 0xFF, 0xFF, 0xFF, 0xFF, 0xE0,
  0x00, 0x1F, 0xFF, 0xFF, 0xFF, 0xFF, 0x80, 0x01, 0xFF, 0xFF, 0xFF, 0xFF,
  0xFE, 0x00, 0x1F, 0xFF, 0xFF, 0xFF, 0xFF, 0xF0, 0x01, 0xFF, 0xFF, 0xFF,
  0xFF, 0xFF, 0xC0, 0x1F, 0xFF, 0xFF, 0xFF, 0xFF, 0xFC, 0x01, 0xFF, 0xFF,
  0xFF, 0xFF, 0xFF, 0xE0, 0x1F, 0xFF, 0xFF, 0xFF, 0xFF, 0xFF, 0x01, 0xFF,
  0xFF, 0xFF, 0xFF, 0xFF, 0xF8, 0x1F, 0xFF, 0xFF, 0xFF, 0xFF, 0xFF, 0x81,
  0xFF, 0xFF, 0xFF, 0xFF, 0xFF, 0xFC, 0x1F, 0xFF, 0xFF, 0xFF, 0xFF, 0xFF,
  0xC0, 0x00, 0x00, 0x00, 0x3F, 0xFF, 0xFC, 0x00, 0x00, 0x00, 0x00, 0x7F,
  0xFF, 0xE0, 0x00, 0x00, 0x00, 0x03, 0xFF, 0xFE, 0x00, 0x00, 0x00, 0x00,
  0x1F, 0xFF, 0xE0, 0x00, 0x00, 0x00, 0x01, 0xFF, 0xFE, 0x00, 0x00, 0x00,
  0x00, 0x1F, 0xFF, 0xF0, 0x00, 0x00, 0x00, 0x00, 0xFF, 0xFF, 0x00, 0x00,
  0x00, 0x00, 0x0F, 0xFF, 0xF0, 0x00, 0x00, 0x00, 0x00, 0xFF, 0xFF, 0x00,
  0x00, 0x00, 0x00, 0x0F, 0xFF, 0xF0, 0x00, 0x00, 0x00, 0x00, 0xFF, 0xFF,
  0x00, 0x00, 0x00, 0x00, 0x0F, 0xFF, 0xF0, 0x00, 0x00, 0x00, 0x00, 0xFF,
  0xFF, 0x00, 0x00, 0x00, 0x00, 0x0F, 0xFF, 0xF0, 0x00, 0x00, 0x00, 0x00,
  0xFF, 0xFF, 0xFF, 0xFF, 0x00, 0x00, 0x0F, 0xFF, 0xFF, 0xFF, 0xF0, 0x00,
  0x00, 0xFF, 0xFF, 0x7F, 0xFF, 0x80, 0x00, 0x1F, 0xFF, 0xF7, 0xFF, 0xF8,
  0x00, 0x01, 0xFF, 0xFE, 0x7F, 0xFF, 0xC0, 0x00, 0x1F, 0xFF, 0xE7, 0xFF,
  0xFC, 0x00, 0x03, 0xFF, 0xFE, 0x7F, 0xFF, 0xF0, 0x00, 0x7F, 0xFF, 0xE3,
  0xFF, 0xFF, 0xC0, 0x1F, 0xFF, 0xFC, 0x3F, 0xFF, 0xFF, 0xFF, 0xFF, 0xFF,
  0xC3, 0xFF, 0xFF, 0xFF, 0xFF, 0xFF, 0xFC, 0x1F, 0xFF, 0xFF, 0xFF, 0xFF,
  0xFF, 0x81, 0xFF, 0xFF, 0xFF, 0xFF, 0xFF, 0xF8, 0x0F, 0xFF, 0xFF, 0xFF,
  0xFF, 0xFF, 0x00, 0x7F, 0xFF, 0xFF, 0xFF, 0xFF, 0xE0, 0x03, 0xFF, 0xFF,
  0xFF, 0xFF, 0xFC, 0x00, 0x1F, 0xFF, 0xFF, 0xFF, 0xFF, 0x80, 0x00, 0xFF,
  0xFF, 0xFF, 0xFF, 0xF0, 0x00, 0x07, 0xFF, 0xFF, 0xFF, 0xFE, 0x00, 0x00,
  0x1F, 0xFF, 0xFF, 0xFF, 0x80, 0x00, 0x00, 0x7F, 0xFF, 0xFF, 0xE0, 0x00,
  0x00, 0x00, 0xFF, 0xFF, 0xF8, 0x00, 0x00, 0x00, 0x00, 0xFF, 0xF8, 0x00,
  0x00, 0x00, 0x00, 0x01, 0xFF, 0xFF, 0x80, 0x00, 0x00, 0x00, 0x1F, 0xFF,
  0xF8, 0x00, 0x00, 0x00, 0x00, 0xFF, 0xFF, 0x80, 0x00, 0x00, 0x00, 0x0F,
  0xFF, 0xFC, 0x00, 0x00, 0x00, 0x00, 0xFF, 0xFF, 0xC0, 0x00, 0x00, 0x00,
  0x07, 0xFF, 0xFE, 0x00, 0x00, 0x00, 0x00, 0x7F, 0xFF, 0xE0, 0x00, 0x00,
  0x00, 0x03, 0xFF, 0xFE, 0x00, 0x00, 0x00, 0x00, 0x3F, 0xFF, 0xF0, 0x00,
  0x00, 0x00, 0x01, 0xFF, 0xFF, 0x00, 0x00, 0x00, 0x00, 0x1F, 0xFF, 0xF8,
  0x00, 0x00, 0x00, 0x00, 0xFF, 0xFF, 0x80, 0x00, 0x00, 0x00, 0x0F, 0xFF,
  0xFC, 0x00, 0x00, 0x00, 0x00, 0x7F, 0xFF, 0xC0, 0x00, 0x00, 0x00, 0x07,
  0xFF, 0xFC, 0x00, 0x00, 0x00, 0x00, 0x3F, 0xFF, 0xE0, 0x00, 0x00, 0x00,
  0x03, 0xFF, 0xFE, 0x00, 0x00, 0x00, 0x00, 0x3F, 0xFF, 0xF0, 0x00, 0x00,
  0x00, 0x01, 0xFF, 0xFF, 0x00, 0x00, 0x00, 0x00, 0x1F, 0xFF, 0xF0, 0x00,
  0x00, 0x00, 0x00, 0xFF, 0xFF, 0x80, 0x00, 0x00, 0x00, 0x0F, 0xFF, 0xF8,
  0x00, 0x00, 0x00, 0x00, 0x7F, 0xFF, 0xC0, 0x00, 0x00, 0x00, 0x07, 0xFF,
  0xFC, 0x00, 0x00, 0x00, 0x00, 0x3F, 0xFF, 0xE0, 0x00, 0x00, 0x00, 0x03,
  0xFF, 0xFE, 0x00, 0x00, 0x00, 0x00, 0x1F, 0xFF, 0xE0, 0x00, 0x00, 0x00,
  0x01, 0xFF, 0xFF, 0x00, 0x00, 0x00, 0x00, 0x1F, 0xFF, 0xF0, 0x00, 0x00,
  0x00, 0x00, 0xFF, 0xFF, 0x83, 0xFE, 0x00, 0x00, 0x0F, 0xFF, 0xF8, 0xFF,
  0xFE, 0x00, 0x00, 0x7F, 0xFF, 0x9F, 0xFF, 0xFC, 0x00, 0x07, 0xFF, 0xFD,
  0xFF, 0xFF, 0xF8, 0x00, 0x3F, 0xFF, 0xDF, 0xFF, 0xFF, 0xE0, 0x03, 0xFF,
  0xFF, 0xFF, 0xFF, 0xFF, 0x80, 0x1F, 0xFF, 0xFF, 0xFF, 0xFF, 0xFE, 0x00,
  0xFF, 0xFF, 0xFF, 0xFF, 0xFF, 0xF8, 0x0F, 0xFF, 0xFF, 0xFF, 0xFF, 0xFF,
  0xC0, 0x7F, 0xFF, 0xFF, 0xFF, 0xFF, 0xFF, 0x07, 0xFF, 0xFF, 0xFF, 0xFF,
  0xFF, 0xFC, 0x3F, 0xFF, 0xFF, 0xFF, 0xFF, 0xFF, 0xE1, 0xFF, 0xFF, 0xF0,
  0x1F, 0xFF, 0xFF, 0x1F, 0xFF, 0xFC, 0x00, 0x1F, 0xFF, 0xFC, 0xFF, 0xFF,
  0xC0, 0x00, 0x7F, 0xFF, 0xE7, 0xFF, 0xFC, 0x00, 0x01, 0xFF, 0xFF, 0x3F,
  0xFF, 0xC0, 0x00, 0x07, 0xFF, 0xFF, 0xFF, 0xFC, 0x00, 0x00, 0x1F, 0xFF,
  0xFF, 0xFF, 0xE0, 0x00, 0x00, 0xFF, 0xFF, 0xFF, 0xFF, 0x00, 0x00, 0x07,
  0xFF, 0xFF, 0xFF, 0xF0, 0x00, 0x00, 0x1F, 0xFF, 0xFF, 0xFF, 0x80, 0x00,
  0x00, 0xFF, 0xFF, 0xFF, 0xFC, 0x00, 0x00, 0x07, 0xFF, 0xFF, 0xFF, 0xE0,
  0x00, 0x00, 0x3F, 0xFF, 0xFF, 0xFF, 0x00, 0x00, 0x01, 0xFF, 0xFF, 0xFF,
  0xF8, 0x00, 0x00, 0x0F, 0xFF, 0xFF, 0xFF, 0xC0, 0x00, 0x00, 0x7F, 0xFF,
  0xFF, 0xFE, 0x00, 0x00, 0x07, 0xFF, 0xFF, 0xFF, 0xF8, 0x00, 0x00, 0x3F,
  0xFF, 0xFF, 0xFF, 0xC0, 0x00, 0x01, 0xFF, 0xFE, 0xFF, 0xFF, 0x00, 0x00,
  0x1F, 0xFF, 0xF7, 0xFF, 0xFC, 0x00, 0x01, 0xFF, 0xFF, 0x3F, 0xFF, 0xE0,
  0x00, 0x0F, 0xFF, 0xF9, 0xFF, 0xFF, 0xC0, 0x01, 0xFF, 0xFF, 0xC7, 0xFF,
  0xFF, 0x80, 0x3F, 0xFF, 0xFC, 0x3F, 0xFF, 0xFF, 0xFF, 0xFF, 0xFF, 0xE0,
  0xFF, 0xFF, 0xFF, 0xFF, 0xFF, 0xFE, 0x07, 0xFF, 0xFF, 0xFF, 0xFF, 0xFF,
  0xF0, 0x1F, 0xFF, 0xFF, 0xFF, 0xFF, 0xFF, 0x00, 0x7F, 0xFF, 0xFF, 0xFF,
  0xFF, 0xF0, 0x01, 0xFF, 0xFF, 0xFF, 0xFF, 0xFF, 0x80, 0x0F, 0xFF, 0xFF,
  0xFF, 0xFF, 0xF8, 0x00, 0x1F, 0xFF, 0xFF, 0xFF, 0xFF, 0x80, 0x00, 0x7F,
  0xFF, 0xFF, 0xFF, 0xF8, 0x00, 0x01, 0xFF, 0xFF, 0xFF, 0xFF, 0x00, 0x00,
  0x03, 0xFF, 0xFF, 0xFF, 0xF0, 0x00, 0x00, 0x07, 0xFF, 0xFF, 0xFE, 0x00,
  0x00, 0x00, 0x0F, 0xFF, 0xFF, 0x80, 0x00, 0x00, 0x00, 0x07, 0xFF, 0xC0,
  0x00, 0x00, 0xFF, 0xFF, 0xFF, 0xFF, 0xFF, 0xFF, 0xFF, 0xFF, 0xFF, 0xFF,
  0xFF, 0xFF, 0xFF, 0xFF, 0xFF, 0xFF, 0xFF, 0xFF, 0xFF, 0xFF, 0xFF, 0xFF,
  0xFF, 0xFF, 0xFF, 0xFF, 0xFF, 0xFF, 0xFF, 0xFF, 0xFF, 0xFF, 0xFF, 0xFF,
  0xFF, 0xFF, 0xFF, 0xFF, 0xFF, 0xFF, 0xFF, 0xFF, 0xFF, 0xFF, 0xFF, 0xFF,
  0xFF, 0xFF, 0xFF, 0xFF, 0xFF, 0xFF, 0xFF, 0xFF, 0xFF, 0xFF, 0xFF, 0xFF,
  0xFF, 0xFF, 0xFF, 0xFF, 0xFF, 0xFF, 0xFF, 0xFF, 0xFF, 0xFF, 0xFF, 0xFF,
  0xFF, 0xFF, 0xFF, 0xFF, 0xFF, 0xFF, 0xFF, 0xFF, 0xFF, 0xFF, 0xFF, 0xFF,
  0xFF, 0xFF, 0xFF, 0xFF, 0xFF, 0xFF, 0xFF, 0xFF, 0xFF, 0xFF, 0xFF, 0xFF,
  0xFF, 0xFF, 0xF0, 0x00, 0x00, 0xFF, 0xFF, 0xBF, 0xFF, 0xC0, 0x00, 0x03,
  0xFF, 0xFE, 0xFF, 0xFF, 0x00, 0x00, 0x0F, 0xFF, 0xFB, 0xFF, 0xFC, 0x00,
  0x00, 0x7F, 0xFF, 0xCF, 0xFF, 0xF0, 0x00, 0x01, 0xFF, 0xFF, 0x3F, 0xFF,
  0xC0, 0x00, 0x0F, 0xFF, 0xF8, 0xFF, 0xFF, 0x00, 0x00, 0x3F, 0xFF, 0xE3,
  0xFF, 0xFC, 0x00, 0x01, 0xFF, 0xFF, 0x0F, 0xFF, 0xF0, 0x00, 0x07, 0xFF,
  0xFC, 0x3F, 0xFF, 0xC0, 0x00, 0x3F, 0xFF, 0xE0, 0xFF, 0xFF, 0x00, 0x00,
  0xFF, 0xFF, 0x83, 0xFF, 0xFC, 0x00, 0x07, 0xFF, 0xFE, 0x00, 0x00, 0x00,
  0x00, 0x1F, 0xFF, 0xF0, 0x00, 0x00, 0x00, 0x00, 0x7F, 0xFF, 0xC0, 0x00,
  0x00, 0x00, 0x03, 0xFF, 0xFE, 0x00, 0x00, 0x00, 0x00, 0x0F, 0xFF, 0xF8,
  0x00, 0x00, 0x00, 0x00, 0x7F, 0xFF, 0xC0, 0x00, 0x00, 0x00, 0x01, 0xFF,
  0xFF, 0x00, 0x00, 0x00, 0x00, 0x0F, 0xFF, 0xF8, 0x00, 0x00, 0x00, 0x00,
  0x3F, 0xFF, 0xE0, 0x00, 0x00, 0x00, 0x01, 0xFF, 0xFF, 0x80, 0x00, 0x00,
  0x00, 0x07, 0xFF, 0xFC, 0x00, 0x00, 0x00, 0x00, 0x1F, 0xFF, 0xF0, 0x00,
  0x00, 0x00, 0x00, 0xFF, 0xFF, 0x80, 0x00, 0x00, 0x00, 0x03, 0xFF, 0xFE,
  0x00, 0x00, 0x00, 0x00, 0x1F, 0xFF, 0xF0, 0x00, 0x00, 0x00, 0x00, 0x7F,
  0xFF, 0xC0, 0x00, 0x00, 0x00, 0x03, 0xFF, 0xFE, 0x00, 0x00, 0x00, 0x00,
  0x0F, 0xFF, 0xF8, 0x00, 0x00, 0x00, 0x00, 0x7F, 0xFF, 0xC0, 0x00, 0x00,
  0x00, 0x01, 0xFF, 0xFF, 0x00, 0x00, 0x00, 0x00, 0x0F, 0xFF, 0xFC, 0x00,
  0x00, 0x00, 0x00, 0x3F, 0xFF, 0xE0, 0x00, 0x00, 0x00, 0x00, 0xFF, 0xFF,
  0x80, 0x00, 0x00, 0x00, 0x07, 0xFF, 0xFC, 0x00, 0x00, 0x00, 0x00, 0x1F,
  0xFF, 0xF0, 0x00, 0x00, 0x00, 0x00, 0xFF, 0xFF, 0x80, 0x00, 0x00, 0x00,
  0x03, 0xFF, 0xFE, 0x00, 0x00, 0x00, 0x00, 0x1F, 0xFF, 0xF0, 0x00, 0x00,
  0x00, 0x00, 0x7F, 0xFF, 0xC0, 0x00, 0x00, 0x00, 0x03, 0xFF, 0xFF, 0x00,
  0x00, 0x00, 0x00, 0x0F, 0xFF, 0xF8, 0x00, 0x00, 0x00, 0x00, 0x3F, 0xFF,
  0xE0, 0x00, 0x00, 0x00, 0x01, 0xFF, 0xFF, 0x00, 0x00, 0x00, 0x00, 0x07,
  0xFF, 0xFC, 0x00, 0x00, 0x00, 0x00, 0x3F, 0xFF, 0xE0, 0x00, 0x00, 0x00,
  0x00, 0xFF, 0xFF, 0x80, 0x00, 0x00, 0x00, 0x07, 0xFF, 0xFC, 0x00, 0x00,
  0x00, 0x00, 0x1F, 0xFF, 0xF0, 0x00, 0x00, 0x00, 0x00, 0xFF, 0xFF, 0xC0,
  0x00, 0x00, 0x00, 0x03, 0xFF, 0xFE, 0x00, 0x00, 0x00, 0x00, 0x1F, 0xFF,
  0xF8, 0x00, 0x00, 0x00, 0x00, 0x7F, 0xFF, 0xC0, 0x00, 0x00, 0x00, 0x01,
  0xFF, 0xFF, 0x00, 0x00, 0x00, 0x00, 0x0F, 0xFF, 0xF8, 0x00, 0x00, 0x00,
  0x00, 0x3F, 0xFF, 0xE0, 0x00, 0x00, 0x00, 0x01, 0xFF, 0xFF, 0x00, 0x00,
  0x00, 0x00, 0x07, 0xFF, 0xFC, 0x00, 0x00, 0x00, 0x00, 0x3F, 0xFF, 0xF0,
  0x00, 0x00, 0x00, 0x00, 0xFF, 0xFF, 0x80, 0x00, 0x00, 0x00, 0x07, 0xFF,
  0xFE, 0x00, 0x00, 0x00, 0x00, 0x1F, 0xFF, 0xF0, 0x00, 0x00, 0x00, 0x00,
  0xFF, 0xFF, 0xC0, 0x00, 0x00, 0x00, 0x00, 0x00, 0x07, 0xFF, 0x80, 0x00,
  0x00, 0x00, 0x03, 0xFF, 0xFF, 0xC0, 0x00, 0x00, 0x00, 0xFF, 0xFF, 0xFF,
  0x80, 0x00, 0x00, 0x1F, 0xFF, 0xFF, 0xFF, 0x00, 0x00, 0x03, 0xFF, 0xFF,
  0xFF, 0xFE, 0x00, 0x00, 0x3F, 0xFF, 0xFF, 0xFF, 0xF8, 0x00, 0x03, 0xFF,
  0xFF, 0xFF, 0xFF, 0xE0, 0x00, 0x3F, 0xFF, 0xFF, 0xFF, 0xFF, 0x80, 0x03,
  0xFF, 0xFF, 0xFF, 0xFF, 0xFE, 0x00, 0x3F, 0xFF, 0xFF, 0xFF, 0xFF, 0xF8,
  0x01, 0xFF, 0xFF, 0xFF, 0xFF, 0xFF, 0xC0, 0x1F, 0xFF, 0xFF, 0xFF, 0xFF,
  0xFF, 0x00, 0xFF, 0xFF, 0xFF, 0xFF, 0xFF, 0xFC, 0x0F, 0xFF, 0xFF, 0x01,
  0xFF, 0xFF, 0xE0, 0x7F, 0xFF, 0xE0, 0x03, 0xFF, 0xFF, 0x07, 0xFF, 0xFE,
  0x00, 0x0F, 0xFF, 0xFC, 0x3F, 0xFF, 0xE0, 0x00, 0x3F, 0xFF, 0xE1, 0xFF,
  0xFE, 0x00, 0x00, 0xFF, 0xFF, 0x0F, 0xFF, 0xF0, 0x00, 0x07, 0xFF, 0xF8,
  0x7F, 0xFF, 0x00, 0x00, 0x1F, 0xFF, 0xC3, 0xFF, 0xF8, 0x00, 0x00, 0xFF,
  0xFE, 0x1F, 0xFF, 0xC0, 0x00, 0x07, 0xFF, 0xF0, 0xFF, 0xFE, 0x00, 0x00,
  0x3F, 0xFF, 0x87, 0xFF, 0xF0, 0x00, 0x01, 0xFF, 0xFC, 0x3F, 0xFF, 0x80,
  0x00, 0x0F, 0xFF, 0xE1, 0xFF, 0xFC, 0x00, 0x00, 0x7F, 0xFF, 0x07, 0xFF,
  0xF0, 0x00, 0x07, 0xFF, 0xF0, 0x3F, 0xFF, 0x80, 0x00, 0x3F, 0xFF, 0x81,
  0xFF, 0xFE, 0x00, 0x03, 0xFF, 0xFC, 0x07, 0xFF, 0xF8, 0x00, 0x3F, 0xFF,
  0xC0, 0x3F, 0xFF, 0xE0, 0x03, 0xFF, 0xFE, 0x00, 0xFF, 0xFF, 0xC0, 0x7F,
  0xFF, 0xE0, 0x03, 0xFF, 0xFF, 0xFF, 0xFF, 0xFE, 0x00, 0x0F, 0xFF, 0xFF,
  0xFF, 0xFF, 0xE0, 0x00, 0x3F, 0xFF, 0xFF, 0xFF, 0xFE, 0x00, 0x00, 0xFF,
  0xFF, 0xFF, 0xFF, 0xC0, 0x00, 0x00, 0xFF, 0xFF, 0xFF, 0xF8, 0x00, 0x00,
  0x03, 0xFF, 0xFF, 0xFF, 0x80, 0x00, 0x00, 0xFF, 0xFF, 0xFF, 0xFF, 0x80,
  0x00, 0x1F, 0xFF, 0xFF, 0xFF, 0xFF, 0x00, 0x01, 0xFF, 0xFF, 0xFF, 0xFF,
  0xFC, 0x00, 0x1F, 0xFF, 0xFF, 0xFF, 0xFF, 0xF0, 0x01, 0xFF, 0xFF, 0xFF,
  0xFF, 0xFF, 0xC0, 0x1F, 0xFF, 0xFF, 0xFF, 0xFF, 0xFF, 0x01, 0xFF, 0xFF,
  0xE0, 0x3F, 0xFF, 0xFC, 0x0F, 0xFF, 0xF8, 0x00, 0x3F, 0xFF, 0xE0, 0xFF,
  0xFF, 0x80, 0x00, 0xFF, 0xFF, 0x8F, 0xFF, 0xF8, 0x00, 0x03, 0xFF, 0xFE,
  0x7F, 0xFF, 0x80, 0x00, 0x0F, 0xFF, 0xF3, 0xFF, 0xF8, 0x00, 0x00, 0x3F,
  0xFF, 0xBF, 0xFF, 0xC0, 0x00, 0x01, 0xFF, 0xFF, 0xFF, 0xFC, 0x00, 0x00,
  0x07, 0xFF, 0xFF, 0xFF, 0xE0, 0x00, 0x00, 0x3F, 0xFF, 0xFF, 0xFF, 0x00,
  0x00, 0x01, 0xFF, 0xFF, 0xFF, 0xF8, 0x00, 0x00, 0x0F, 0xFF, 0xFF, 0xFF,
  0xC0, 0x00, 0x00, 0x7F, 0xFF, 0xFF, 0xFE, 0x00, 0x00, 0x03, 0xFF, 0xFF,
  0xFF, 0xF0, 0x00, 0x00, 0x1F, 0xFF, 0xFF, 0xFF, 0x80, 0x00, 0x00, 0xFF,
  0xFF, 0xFF, 0xFE, 0x00, 0x00, 0x0F, 0xFF, 0xFF, 0xFF, 0xF0, 0x00, 0x00,
  0x7F, 0xFF, 0xFF, 0xFF, 0xC0, 0x00, 0x07, 0xFF, 0xFF, 0xFF, 0xFF, 0x00,
  0x00, 0x7F, 0xFF, 0xEF, 0xFF, 0xFC, 0x00, 0x07, 0xFF, 0xFE, 0x7F, 0xFF,
  0xF0, 0x00, 0x7F, 0xFF, 0xF1, 0xFF, 0xFF, 0xF0, 0x1F, 0xFF, 0xFF, 0x0F,
  0xFF, 0xFF, 0xFF, 0xFF, 0xFF, 0xF8, 0x3F, 0xFF, 0xFF, 0xFF, 0xFF, 0xFF,
  0x81, 0xFF, 0xFF, 0xFF, 0xFF, 0xFF, 0xFC, 0x07, 0xFF, 0xFF, 0xFF, 0xFF,
  0xFF, 0xC0, 0x1F, 0xFF, 0xFF, 0xFF, 0xFF, 0xFC, 0x00, 0x7F, 0xFF, 0xFF,
  0xFF, 0xFF, 0xC0, 0x01, 0xFF, 0xFF, 0xFF, 0xFF, 0xFC, 0x00, 0x07, 0xFF,
  0xFF, 0xFF, 0xFF, 0xC0, 0x00, 0x0F, 0xFF, 0xFF, 0xFF, 0xF8, 0x00, 0x00,
  0x3F, 0xFF, 0xFF, 0xFF, 0x80, 0x00, 0x00, 0x7F, 0xFF, 0xFF, 0xF0, 0x00,
  0x00, 0x00, 0x7F, 0xFF, 0xFC, 0x00, 0x00, 0x00, 0x00, 0x3F, 0xFE, 0x00,
  0x00, 0x00, 0x00, 0x00, 0x0F, 0xFF, 0x80, 0x00, 0x00, 0x00, 0x07, 0xFF,
  0xFF, 0xC0, 0x00, 0x00, 0x01, 0xFF, 0xFF, 0xFF, 0x80, 0x00, 0x00, 0x3F,
  0xFF, 0xFF, 0xFF, 0x00, 0x00, 0x03, 0xFF, 0xFF, 0xFF, 0xFE, 0x00, 0x00,
  0x7F, 0xFF, 0xFF, 0xFF, 0xF8, 0x00, 0x07, 0xFF, 0xFF, 0xFF, 0xFF, 0xE0,
  0x00, 0x7F, 0xFF, 0xFF, 0xFF, 0xFF, 0x80, 0x07, 0xFF, 0xFF, 0xFF, 0xFF,
  0xFE, 0x00, 0x3F, 0xFF, 0xFF, 0xFF, 0xFF, 0xF8, 0x03, 0xFF, 0xFF, 0xFF,
  0xFF, 0xFF, 0xE0, 0x3F, 0xFF, 0xFF, 0xFF, 0xFF, 0xFF, 0x81, 0xFF, 0xFF,
  0xFF, 0xFF, 0xFF, 0xFC, 0x1F, 0xFF, 0xFF, 0xFF, 0xFF, 0xFF, 0xF0, 0xFF,
  0xFF, 0xF0, 0x07, 0xFF, 0xFF, 0x8F, 0xFF, 0xFE, 0x00, 0x0F, 0xFF, 0xFC,
  0x7F, 0xFF, 0xC0, 0x00, 0x1F, 0xFF, 0xF3, 0xFF, 0xFE, 0x00, 0x00, 0xFF,
  0xFF, 0xBF, 0xFF, 0xE0, 0x00, 0x03, 0xFF, 0xFD, 0xFF, 0xFE, 0x00, 0x00,
  0x0F, 0xFF, 0xFF, 0xFF, 0xF0, 0x00, 0x00, 0x7F, 0xFF, 0xFF, 0xFF, 0x80,
  0x00, 0x03, 0xFF, 0xFF, 0xFF, 0xF8, 0x00, 0x00, 0x0F, 0xFF, 0xFF, 0xFF,
  0xC0, 0x00, 0x00, 0x7F, 0xFF, 0xFF, 0xFE, 0x00, 0x00, 0x03, 0xFF, 0xFF,
  0xFF, 0xF0, 0x00, 0x00, 0x1F, 0xFF, 0xFF, 0xFF, 0x80, 0x00, 0x00, 0xFF,
  0xFF, 0xFF, 0xFC, 0x00, 0x00, 0x07, 0xFF, 0xFF, 0xFF, 0xE0, 0x00, 0x00,
  0x3F, 0xFF, 0xFF, 0xFF, 0x80, 0x00, 0x03, 0xFF, 0xFF, 0xFF, 0xFC, 0x00,
  0x00, 0x1F, 0xFF, 0xFF, 0xFF, 0xE0, 0x00, 0x00, 0xFF, 0xFF, 0x7F, 0xFF,
  0x80, 0x00, 0x0F, 0xFF, 0xF3, 0xFF, 0xFE, 0x00, 0x00, 0xFF, 0xFF, 0x9F,
  0xFF, 0xF8, 0x00, 0x0F, 0xFF, 0xFC, 0x7F, 0xFF, 0xE0, 0x00, 0xFF, 0xFF,
  0xE3, 0xFF, 0xFF, 0xE0, 0x3F, 0xFF, 0xFE, 0x0F, 0xFF, 0xFF, 0xFF, 0xFF,
  0xFF, 0xF0, 0x7F, 0xFF, 0xFF, 0xFF, 0xFF, 0xFF, 0x81, 0xFF, 0xFF, 0xFF,
  0xFF, 0xFF, 0xF8, 0x0F, 0xFF, 0xFF, 0xFF, 0xFF, 0xFF, 0xC0, 0x3F, 0xFF,
  0xFF, 0xFF, 0xFF, 0xFC, 0x00, 0xFF, 0xFF, 0xFF, 0xFF, 0xFF, 0xE0, 0x03,
  0xFF, 0xFF, 0xFF, 0xFF, 0xFF, 0x00, 0x0F, 0xFF, 0xFF, 0xFF, 0xFF, 0xF0,
  0x00, 0x3F, 0xFF, 0xFF, 0xFF, 0xFF, 0x80, 0x00, 0x7F, 0xFF, 0xFF, 0xFF,
  0xF8, 0x00, 0x00, 0xFF, 0xFF, 0xFF, 0xFF, 0xC0, 0x00, 0x01, 0xFF, 0xFF,
  0xFF, 0xFC, 0x00, 0x00, 0x01, 0xFF, 0x7F, 0xFF, 0xE0, 0x00, 0x00, 0x00,
  0x03, 0xFF, 0xFE, 0x00, 0x00, 0x00, 0x00, 0x3F, 0xFF, 0xE0, 0x00, 0x00,
  0x00, 0x01, 0xFF, 0xFF, 0x00, 0x00, 0x00, 0x00, 0x1F, 0xFF, 0xF0, 0x00,
  0x00, 0x00, 0x00, 0xFF, 0xFF, 0x80, 0x00, 0x00, 0x00, 0x0F, 0xFF, 0xF8,
  0x00, 0x00, 0x00, 0x00, 0xFF, 0xFF, 0xC0, 0x00, 0x00, 0x00, 0x07, 0xFF,
  0xFC, 0x00, 0x00, 0x00, 0x00, 0x7F, 0xFF, 0xE0, 0x00, 0x00, 0x00, 0x03,
  0xFF, 0xFE, 0x00, 0x00, 0x00, 0x00, 0x3F, 0xFF, 0xF0, 0x00, 0x00, 0x00,
  0x03, 0xFF, 0xFF, 0x00, 0x00, 0x00, 0x00, 0x1F, 0xFF, 0xF0, 0x00, 0x00,
  0x00, 0x01, 0xFF, 0xFF, 0x80, 0x00, 0x00, 0x00, 0x0F, 0xFF, 0xF8, 0x00,
  0x00, 0x00, 0x00, 0xFF, 0xFF, 0xC0, 0x00, 0x00, 0x00, 0x07, 0xFF, 0xFC,
  0x00, 0x00, 0x00, 0x00, 0x7F, 0xFF, 0xE0, 0x00, 0x00, 0x00, 0x07, 0xFF,
  0xFE, 0x00, 0x00, 0x00, 0x00, 0x3F, 0xFF, 0xF0, 0x00, 0x00, 0x00, 0x03,
  0xFF, 0xFF, 0x00, 0x00, 0x00, 0x00, 0x1F, 0xFF, 0xF8, 0x00, 0x00, 0x00,
  0x01, 0xFF, 0xFF, 0x80, 0x00, 0x00, 0x00, 0x1F, 0xFF, 0xFC, 0x00, 0x00,
  0x00, 0x00, 0xFF, 0xFF, 0xC0, 0x00, 0x00, 0x00, 0x0F, 0xFF, 0xFC, 0x00,
  0x00, 0x00, 0x00, 0x7F, 0xFF, 0xE0, 0x00, 0x00, 0x00, 0x07, 0xFF, 0xFE,
  0x00, 0x00, 0x00, 0x01, 0xFC, 0x00, 0x7F, 0xFC, 0x07, 0xFF, 0xF0, 0x7F,
  0xFF, 0xC7, 0xFF, 0xFF, 0x3F, 0xFF, 0xFB, 0xFF, 0xFF, 0xFF, 0xFF, 0xFF,
  0xFF, 0xFF, 0xFF, 0xFF, 0xFF, 0xFF, 0xFF, 0xFF, 0xFF, 0xFF, 0xFF, 0xFF,
  0xFF, 0xBF, 0xFF, 0xF9, 0xFF, 0xFF, 0xC7, 0xFF, 0xFC, 0x1F, 0xFF, 0xC0,
  0x7F, 0xFC, 0x00, 0x7F, 0x00, 0x00, 0x00, 0x00, 0x00, 0x00, 0x00, 0x00,
  0x00, 0x00, 0x00, 0x00, 0x00, 0x00, 0x00, 0x00, 0x00, 0x00, 0x00, 0x00,
  0x00, 0x00, 0x00, 0x00, 0x00, 0x00, 0x00, 0x00, 0x00, 0x00, 0x00, 0x00,
  0x00, 0x00, 0x00, 0x00, 0x00, 0x00, 0x00, 0x00, 0x00, 0x00, 0x00, 0x00,
  0x00, 0x00, 0x00, 0x00, 0x00, 0x00, 0x00, 0x00, 0x00, 0x00, 0x00, 0x00,
  0x00, 0x00, 0x00, 0x0F, 0xE0, 0x03, 0xFF, 0xE0, 0x3F, 0xFF, 0x83, 0xFF,
  0xFE, 0x3F, 0xFF, 0xF9, 0xFF, 0xFF, 0xDF, 0xFF, 0xFF, 0xFF, 0xFF, 0xFF,
  0xFF, 0xFF, 0xFF, 0xFF, 0xFF, 0xFF, 0xFF, 0xFF, 0xFF, 0xFF, 0xFF, 0xFF,
  0xFD, 0xFF, 0xFF, 0xCF, 0xFF, 0xFE, 0x3F, 0xFF, 0xE0, 0xFF, 0xFE, 0x03,
  0xFF, 0xE0, 0x03, 0xF8, 0x00,
};

const GFXglyph RiposteClockFont_Glyphs[] PROGMEM = {
  {     0,  51,  79,  63,    6,   -77 },   // '0'
  {   504,  51,  77,  63,    8,   -76 },   // '1'
  {   995,  51,  78,  63,    6,   -77 },   // '2'
  {  1493,  52,  78,  63,    5,   -76 },   // '3'
  {  2000,  50,  77,  63,    5,   -76 },   // '4'
  {  2482,  52,  78,  63,    5,   -76 },   // '5'
  {  2989,  53,  78,  63,    5,   -76 },   // '6'
  {  3506,  54,  77,  63,    6,   -76 },   // '7'
  {  4026,  53,  79,  63,    5,   -77 },   // '8'
  {  4550,  53,  78,  63,    5,   -77 },   // '9'
  {  5067,  21,  60,  63,   21,   -58 },   // ':'
};

const GFXfont RiposteClockFont PROGMEM = {
  (uint8_t  *)RiposteClockFont_Bitmaps,
  (GFXglyph *)RiposteClockFont_Glyphs,
  0x30, 0x3A, 139 };

// RiposteTempFont: generated from JetBrainsMono-ExtraBold.ttf at 65px EM,
// chars 0x2D-0x3A. Adafruit GFX format.
const uint8_t RiposteTempFont_Bitmaps[] PROGMEM = {
  0xFF, 0xFF, 0xFF, 0xFF, 0xFF, 0xFF, 0xFF, 0xFF, 0xFF, 0xFF, 0xFF, 0xFF,
  0xFF, 0xFF, 0xFF, 0xFF, 0xFF, 0xFF, 0xFF, 0xFF, 0xFF, 0xFF, 0xFF, 0xF8,
  0x02, 0x00, 0xFE, 0x0F, 0xF8, 0xFF, 0xEF, 0xFF, 0xFF, 0xFF, 0xFF, 0xFF,
  0xFF, 0xFF, 0xFF, 0xFF, 0xDF, 0xFC, 0x7F, 0xC1, 0xFC, 0x01, 0x00, 0x00,
  0x00, 0x03, 0xFF, 0x80, 0x00, 0x01, 0xFF, 0x80, 0x00, 0x00, 0xFF, 0xC0,
  0x00, 0x00, 0xFF, 0xC0, 0x00, 0x00, 0x7F, 0xE0, 0x00, 0x00, 0x3F, 0xF0,
  0x00, 0x00, 0x3F, 0xF0, 0x00, 0x00, 0x1F, 0xF8, 0x00, 0x00, 0x0F, 0xFC,
  0x00, 0x00, 0x0F, 0xFC, 0x00, 0x00, 0x07, 0xFE, 0x00, 0x00, 0x03, 0xFF,
  0x00, 0x00, 0x03, 0xFF, 0x00, 0x00, 0x01, 0xFF, 0x80, 0x00, 0x01, 0xFF,
  0xC0, 0x00, 0x00, 0xFF, 0xC0, 0x00, 0x00, 0x7F, 0xE0, 0x00, 0x00, 0x7F,
  0xE0, 0x00, 0x00, 0x3F, 0xF0, 0x00, 0x00, 0x1F, 0xF8, 0x00, 0x00, 0x1F,
  0xF8, 0x00, 0x00, 0x0F, 0xFC, 0x00, 0x00, 0x07, 0xFE, 0x00, 0x00, 0x07,
  0xFE, 0x00, 0x00, 0x03, 0xFF, 0x00, 0x00, 0x03, 0xFF, 0x80, 0x00, 0x01,
  0xFF, 0x80, 0x00, 0x00, 0xFF, 0xC0, 0x00, 0x00, 0xFF, 0xC0, 0x00, 0x00,
  0x7F, 0xE0, 0x00, 0x00, 0x3F, 0xF0, 0x00, 0x00, 0x3F, 0xF0, 0x00, 0x00,
  0x1F, 0xF8, 0x00, 0x00, 0x0F, 0xFC, 0x00, 0x00, 0x0F, 0xFC, 0x00, 0x00,
  0x07, 0xFE, 0x00, 0x00, 0x07, 0xFF, 0x00, 0x00, 0x03, 0xFF, 0x00, 0x00,
  0x01, 0xFF, 0x80, 0x00, 0x01, 0xFF, 0x80, 0x00, 0x00, 0xFF, 0xC0, 0x00,
  0x00, 0x7F, 0xE0, 0x00, 0x00, 0x7F, 0xE0, 0x00, 0x00, 0x3F, 0xF0, 0x00,
  0x00, 0x1F, 0xF8, 0x00, 0x00, 0x1F, 0xF8, 0x00, 0x00, 0x0F, 0xFC, 0x00,
  0x00, 0x0F, 0xFE, 0x00, 0x00, 0x07, 0xFE, 0x00, 0x00, 0x03, 0xFF, 0x00,
  0x00, 0x03, 0xFF, 0x00, 0x00, 0x01, 0xFF, 0x80, 0x00, 0x00, 0xFF, 0xC0,
  0x00, 0x00, 0xFF, 0xC0, 0x00, 0x00, 0x7F, 0xE0, 0x00, 0x00, 0x3F, 0xF0,
  0x00, 0x00, 0x3F, 0xF0, 0x00, 0x00, 0x1F, 0xF8, 0x00, 0x00, 0x0F, 0xFC,
  0x00, 0x00, 0x0F, 0xFC, 0x00, 0x00, 0x07, 0xFE, 0x00, 0x00, 0x07, 0xFF,
  0x00, 0x00, 0x00, 0x00, 0x01, 0x00, 0x00, 0x00, 0xFF, 0xF8, 0x00, 0x07,
  0xFF, 0xFC, 0x00, 0x3F, 0xFF, 0xFE, 0x00, 0xFF, 0xFF, 0xFE, 0x03, 0xFF,
  0xFF, 0xFE, 0x0F, 0xFF, 0xFF, 0xFE, 0x1F, 0xFF, 0xFF, 0xFC, 0x7F, 0xFF,
  0xFF, 0xFC, 0xFF, 0xF0, 0x7F, 0xFB, 0xFF, 0x80, 0x3F, 0xFF, 0xFE, 0x00,
  0x3F, 0xFF, 0xF8, 0x00, 0x3F, 0xFF, 0xF0, 0x00, 0x7F, 0xFF, 0xE0, 0x00,
  0xFF, 0xFF, 0xC0, 0x01, 0xFF, 0xFF, 0x80, 0x03, 0xFF, 0xFF, 0x00, 0x07,
  0xFF, 0xFE, 0x00, 0x0F, 0xFF, 0xFC, 0x00, 0x1F, 0xFF, 0xF8, 0x30, 0x3F,
  0xFF, 0xF1, 0xFC, 0x7F, 0xFF, 0xE7, 0xFC, 0xFF, 0xFF, 0xCF, 0xF9, 0xFF,
  0xFF, 0x9F, 0xF3, 0xFF, 0xFF, 0x3F, 0xE7, 0xFF, 0xFE, 0x7F, 0xCF, 0xFF,
  0xFC, 0x7F, 0x1F, 0xFF, 0xF8, 0x7C, 0x3F, 0xFF, 0xF0, 0x00, 0x7F, 0xFF,
  0xE0, 0x00, 0xFF, 0xFF, 0xC0, 0x01, 0xFF, 0xFF, 0x80, 0x03, 0xFF, 0xFF,
  0x00, 0x07, 0xFF, 0xFE, 0x00, 0x0F, 0xFF, 0xFC, 0x00, 0x1F, 0xFF, 0xF8,
  0x00, 0x3F, 0xFF, 0xF0, 0x00, 0x7F, 0xFF, 0xF0, 0x01, 0xFF, 0xFF, 0xF0,
  0x07, 0xFF, 0x7F, 0xF8, 0x3F, 0xFC, 0xFF, 0xFF, 0xFF, 0xF8, 0xFF, 0xFF,
  0xFF, 0xE1, 0xFF, 0xFF, 0xFF, 0xC1, 0xFF, 0xFF, 0xFF, 0x01, 0xFF, 0xFF,
  0xFC, 0x01, 0xFF, 0xFF, 0xF0, 0x00, 0xFF, 0xFF, 0x80, 0x00, 0x7F, 0xFC,
  0x00, 0x00, 0x06, 0x00, 0x00, 0x00, 0x3F, 0xFC, 0x00, 0x00, 0xFF, 0xF8,
  0x00, 0x03, 0xFF, 0xF0, 0x00, 0x1F, 0xFF, 0xE0, 0x00, 0x7F, 0xFF, 0xC0,
  0x01, 0xFF, 0xFF, 0x80, 0x0F, 0xFF, 0xFF, 0x00, 0x3F, 0xFF, 0xFE, 0x00,
  0xFF, 0xFF, 0xFC, 0x01, 0xFF, 0xFF, 0xF8, 0x03, 0xFF, 0xFF, 0xF0, 0x07,
  0xFE, 0x7F, 0xE0, 0x0F, 0xF8, 0xFF, 0xC0, 0x1F, 0xE1, 0xFF, 0x80, 0x3F,
  0x03, 0xFF, 0x00, 0x7C, 0x07, 0xFE, 0x00, 0xE0, 0x0F, 0xFC, 0x01, 0x80,
  0x1F, 0xF8, 0x02, 0x00, 0x3F, 0xF0, 0x00, 0x00, 0x7F, 0xE0, 0x00, 0x00,
  0xFF, 0xC0, 0x00, 0x01, 0xFF, 0x80, 0x00, 0x03, 0xFF, 0x00, 0x00, 0x07,
  0xFE, 0x00, 0x00, 0x0F, 0xFC, 0x00, 0x00, 0x1F, 0xF8, 0x00, 0x00, 0x3F,
  0xF0, 0x00, 0x00, 0x7F, 0xE0, 0x00, 0x00, 0xFF, 0xC0, 0x00, 0x01, 0xFF,
  0x80, 0x00, 0x03, 0xFF, 0x00, 0x00, 0x07, 0xFE, 0x00, 0x00, 0x0F, 0xFC,
  0x00, 0x00, 0x1F, 0xF8, 0x00, 0x00, 0x3F, 0xF0, 0x00, 0x00, 0x7F, 0xE0,
  0x00, 0x00, 0xFF, 0xC0, 0x00, 0x01, 0xFF, 0x80, 0x00, 0x03, 0xFF, 0x00,
  0x7F, 0xFF, 0xFF, 0xFF, 0xFF, 0xFF, 0xFF, 0xFF, 0xFF, 0xFF, 0xFF, 0xFF,
  0xFF, 0xFF, 0xFF, 0xFF, 0xFF, 0xFF, 0xFF, 0xFF, 0xFF, 0xFF, 0xFF, 0xFF,
  0xFF, 0xFF, 0xFF, 0xFF, 0xFF, 0xFF, 0xFF, 0xFF, 0xFF, 0xFF, 0xFF, 0x00,
  0x00, 0x80, 0x00, 0x00, 0x3F, 0xFE, 0x00, 0x00, 0xFF, 0xFF, 0x80, 0x03,
  0xFF, 0xFF, 0xC0, 0x07, 0xFF, 0xFF, 0xF0, 0x0F, 0xFF, 0xFF, 0xF8, 0x1F,
  0xFF, 0xFF, 0xF8, 0x1F, 0xFF, 0xFF, 0xFC, 0x3F, 0xFF, 0xFF, 0xFE, 0x3F,
  0xFC, 0x3F, 0xFE, 0x7F, 0xF0, 0x0F, 0xFE, 0x7F, 0xE0, 0x07, 0xFF, 0x7F,
  0xE0, 0x07, 0xFF, 0x7F, 0xC0, 0x03, 0xFF, 0xFF, 0xC0, 0x03, 0xFF, 0xFF,
  0xC0, 0x03, 0xFF, 0x00, 0x00, 0x03, 0xFF, 0x00, 0x00, 0x03, 0xFF, 0x00,
  0x00, 0x07, 0xFF, 0x00, 0x00, 0x07, 0xFE, 0x00, 0x00, 0x07, 0xFE, 0x00,
  0x00, 0x0F, 0xFE, 0x00, 0x00, 0x1F, 0xFC, 0x00, 0x00, 0x3F, 0xFC, 0x00,
  0x00, 0x7F, 0xF8, 0x00, 0x00, 0xFF, 0xF0, 0x00, 0x01, 0xFF, 0xF0, 0x00,
  0x03, 0xFF, 0xE0, 0x00, 0x07, 0xFF, 0xC0, 0x00, 0x0F, 0xFF, 0x80, 0x00,
  0x1F, 0xFF, 0x00, 0x00, 0x3F, 0xFE, 0x00, 0x00, 0x7F, 0xFC, 0x00, 0x00,
  0xFF, 0xF8, 0x00, 0x01, 0xFF, 0xF0, 0x00, 0x03, 0xFF, 0xE0, 0x00, 0x07,
  0xFF, 0xC0, 0x00, 0x0F, 0xFF, 0x80, 0x00, 0x1F, 0xFF, 0x00, 0x00, 0x3F,
  0xFE, 0x00, 0x00, 0x7F, 0xFF, 0xFF, 0xFF, 0x7F, 0xFF, 0xFF, 0xFF, 0x7F,
  0xFF, 0xFF, 0xFF, 0x7F, 0xFF, 0xFF, 0xFF, 0x7F, 0xFF, 0xFF, 0xFF, 0x7F,
  0xFF, 0xFF, 0xFF, 0x7F, 0xFF, 0xFF, 0xFF, 0x7F, 0xFF, 0xFF, 0xFF, 0x7F,
  0xFF, 0xFF, 0xFF, 0x3F, 0xFF, 0xFF, 0xFE, 0x3F, 0xFF, 0xFF, 0xFE, 0x3F,
  0xFF, 0xFF, 0xFE, 0x3F, 0xFF, 0xFF, 0xFE, 0x3F, 0xFF, 0xFF, 0xFE, 0x3F,
  0xFF, 0xFF, 0xFE, 0x3F, 0xFF, 0xFF, 0xFE, 0x3F, 0xFF, 0xFF, 0xFE, 0x3F,
  0xFF, 0xFF, 0xFC, 0x00, 0x00, 0x1F, 0xF8, 0x00, 0x00, 0x3F, 0xF0, 0x00,
  0x00, 0x7F, 0xE0, 0x00, 0x00, 0xFF, 0xC0, 0x00, 0x01, 0xFF, 0x80, 0x00,
  0x07, 0xFE, 0x00, 0x00, 0x0F, 0xFC, 0x00, 0x00, 0x1F, 0xF8, 0x00, 0x00,
  0x3F, 0xF8, 0x00, 0x00, 0x3F, 0xFF, 0x00, 0x00, 0x3F, 0xFF, 0xC0, 0x00,
  0x3F, 0xFF, 0xE0, 0x00, 0x3F, 0xFF, 0xF8, 0x00, 0x3F, 0xFF, 0xF8, 0x00,
  0x3F, 0xFF, 0xFC, 0x00, 0x3F, 0xFF, 0xFE, 0x00, 0x00, 0x3F, 0xFE, 0x00,
  0x00, 0x0F, 0xFE, 0x00, 0x00, 0x07, 0xFF, 0x00, 0x00, 0x03, 0xFF, 0x00,
  0x00, 0x03, 0xFF, 0x00, 0x00, 0x03, 0xFF, 0x00, 0x00, 0x03, 0xFF, 0x00,
  0x00, 0x03, 0xFF, 0x00, 0x00, 0x03, 0xFF, 0x00, 0x00, 0x03, 0xFF, 0xFF,
  0xC0, 0x03, 0xFF, 0xFF, 0xC0, 0x03, 0xFF, 0x7F, 0xE0, 0x03, 0xFF, 0x7F,
  0xF0, 0x07, 0xFF, 0x7F, 0xFC, 0x1F, 0xFE, 0x7F, 0xFF, 0xFF, 0xFE, 0x3F,
  0xFF, 0xFF, 0xFC, 0x1F, 0xFF, 0xFF, 0xFC, 0x1F, 0xFF, 0xFF, 0xF8, 0x0F,
  0xFF, 0xFF, 0xF0, 0x03, 0xFF, 0xFF, 0xE0, 0x01, 0xFF, 0xFF, 0x80, 0x00,
  0x7F, 0xFE, 0x00, 0x00, 0x01, 0x80, 0x00, 0x00, 0x00, 0x3F, 0xF8, 0x00,
  0x00, 0xFF, 0xE0, 0x00, 0x03, 0xFF, 0x80, 0x00, 0x07, 0xFE, 0x00, 0x00,
  0x1F, 0xFC, 0x00, 0x00, 0x7F, 0xF0, 0x00, 0x01, 0xFF, 0xC0, 0x00, 0x03,
  0xFF, 0x80, 0x00, 0x0F, 0xFE, 0x00, 0x00, 0x3F, 0xF8, 0x00, 0x00, 0x7F,
  0xF0, 0x00, 0x01, 0xFF, 0xC0, 0x00, 0x07, 0xFF, 0x00, 0x00, 0x0F, 0xFC,
  0x00, 0x00, 0x3F, 0xF8, 0x00, 0x00, 0xFF, 0xE0, 0x00, 0x03, 0xFF, 0x80,
  0x00, 0x07, 0xFF, 0x00, 0x00, 0x1F, 0xFC, 0x00, 0x00, 0x7F, 0xF0, 0x00,
  0x00, 0xFF, 0xE0, 0x7F, 0xE3, 0xFF, 0x80, 0xFF, 0xCF, 0xFE, 0x01, 0xFF,
  0x9F, 0xFC, 0x03, 0xFF, 0x7F, 0xF0, 0x07, 0xFF, 0xFF, 0xC0, 0x0F, 0xFF,
  0xFF, 0x80, 0x1F, 0xFF, 0xFE, 0x00, 0x3F, 0xFF, 0xF8, 0x00, 0x7F, 0xFF,
  0xF0, 0x00, 0xFF, 0xFF, 0xFF, 0xFF, 0xFF, 0xFF, 0xFF, 0xFF, 0xFF, 0xFF,
  0xFF, 0xFF, 0xFF, 0xFF, 0xFF, 0xFF, 0xFF, 0xFF, 0xFF, 0xFF, 0xFF, 0xFF,
  0xFF, 0xFF, 0xFF, 0xFF, 0xFF, 0xFF, 0xFF, 0xFF, 0xFF, 0xFF, 0xFF, 0xFF,
  0xFF, 0xFF, 0x80, 0x00, 0x03, 0xFF, 0x00, 0x00, 0x07, 0xFE, 0x00, 0x00,
  0x0F, 0xFC, 0x00, 0x00, 0x1F, 0xF8, 0x00, 0x00, 0x3F, 0xF0, 0x00, 0x00,
  0x7F, 0xE0, 0x00, 0x00, 0xFF, 0xC0, 0x00, 0x01, 0xFF, 0x80, 0x00, 0x03,
  0xFF, 0x3F, 0xFF, 0xFF, 0xFC, 0x3F, 0xFF, 0xFF, 0xFC, 0x3F, 0xFF, 0xFF,
  0xFC, 0x3F, 0xFF, 0xFF, 0xFC, 0x3F, 0xFF, 0xFF, 0xFC, 0x3F, 0xFF, 0xFF,
  0xFC, 0x3F, 0xFF, 0xFF, 0xFC, 0x3F, 0xFF, 0xFF, 0xFC, 0x3F, 0xFF, 0xFF,
  0xFC, 0x3F, 0xE0, 0x00, 0x00, 0x3F, 0xE0, 0x00, 0x00, 0x3F, 0xE0, 0x00,
  0x00, 0x3F, 0xE0, 0x00, 0x00, 0x3F, 0xE0, 0x00, 0x00, 0x3F, 0xE0, 0x00,
  0x00, 0x3F, 0xE0, 0x00, 0x00, 0x3F, 0xE0, 0x00, 0x00, 0x3F, 0xFF, 0xFC,
  0x00, 0x3F, 0xFF, 0xFF, 0x80, 0x3F, 0xFF, 0xFF, 0xE0, 0x3F, 0xFF, 0xFF,
  0xF0, 0x3F, 0xFF, 0xFF, 0xF8, 0x3F, 0xFF, 0xFF, 0xFC, 0x3F, 0xFF, 0xFF,
  0xFC, 0x3F, 0xFF, 0xFF, 0xFE, 0x3F, 0xFF, 0xFF, 0xFE, 0x00, 0x00, 0x0F,
  0xFF, 0x00, 0x00, 0x07, 0xFF, 0x00, 0x00, 0x03, 0xFF, 0x00, 0x00, 0x03,
  0xFF, 0x00, 0x00, 0x03, 0xFF, 0x00, 0x00, 0x03, 0xFF, 0x00, 0x00, 0x03,
  0xFF, 0x00, 0x00, 0x03, 0xFF, 0x00, 0x00, 0x03, 0xFF, 0xFF, 0xC0, 0x03,
  0xFF, 0xFF, 0xC0, 0x03, 0xFF, 0x7F, 0xE0, 0x03, 0xFF, 0x7F, 0xF0, 0x07,
  0xFF, 0x7F, 0xFC, 0x1F, 0xFE, 0x7F, 0xFF, 0xFF, 0xFE, 0x3F, 0xFF, 0xFF,
  0xFC, 0x1F, 0xFF, 0xFF, 0xFC, 0x1F, 0xFF, 0xFF, 0xF8, 0x0F, 0xFF, 0xFF,
  0xF0, 0x03, 0xFF, 0xFF, 0xE0, 0x01, 0xFF, 0xFF, 0x80, 0x00, 0x3F, 0xFE,
  0x00, 0x00, 0x01, 0x80, 0x00, 0x00, 0x03, 0xFF, 0x80, 0x00, 0x03, 0xFF,
  0xC0, 0x00, 0x01, 0xFF, 0xC0, 0x00, 0x01, 0xFF, 0xC0, 0x00, 0x00, 0xFF,
  0xE0, 0x00, 0x00, 0xFF, 0xE0, 0x00, 0x00, 0x7F, 0xF0, 0x00, 0x00, 0x7F,
  0xF0, 0x00, 0x00, 0x3F, 0xF0, 0x00, 0x00, 0x3F, 0xF8, 0x00, 0x00, 0x1F,
  0xF8, 0x00, 0x00, 0x1F, 0xFC, 0x00, 0x00, 0x0F, 0xFC, 0x00, 0x00, 0x0F,
  0xFC, 0x00, 0x00, 0x0F, 0xFE, 0x00, 0x00, 0x07, 0xFE, 0x00, 0x00, 0x07,
  0xFF, 0x00, 0x00, 0x03, 0xFF, 0x00, 0x00, 0x03, 0xFF, 0x1F, 0xC0, 0x01,
  0xFF, 0xBF, 0xFC, 0x01, 0xFF, 0xBF, 0xFF, 0x00, 0xFF, 0xFF, 0xFF, 0xC0,
  0xFF, 0xFF, 0xFF, 0xF0, 0x7F, 0xFF, 0xFF, 0xFC, 0x3F, 0xFF, 0xFF, 0xFE,
  0x3F, 0xFE, 0x0F, 0xFF, 0x9F, 0xFC, 0x01, 0xFF, 0xCF, 0xFC, 0x00, 0x7F,
  0xEF, 0xFC, 0x00, 0x1F, 0xFF, 0xFE, 0x00, 0x0F, 0xFF, 0xFF, 0x00, 0x07,
  0xFF, 0xFF, 0x00, 0x01, 0xFF, 0xFF, 0x80, 0x00, 0xFF, 0xFF, 0xC0, 0x00,
  0x7F, 0xFF, 0xF0, 0x00, 0x7F, 0xFF, 0xF8, 0x00, 0x3F, 0xFF, 0xFC, 0x00,
  0x1F, 0xFB, 0xFF, 0x00, 0x1F, 0xFD, 0xFF, 0xC0, 0x1F, 0xFC, 0xFF, 0xF8,
  0x3F, 0xFE, 0x3F, 0xFF, 0xFF, 0xFE, 0x1F, 0xFF, 0xFF, 0xFF, 0x07, 0xFF,
  0xFF, 0xFF, 0x01, 0xFF, 0xFF, 0xFF, 0x00, 0x7F, 0xFF, 0xFF, 0x00, 0x1F,
  0xFF, 0xFF, 0x00, 0x03, 0xFF, 0xFE, 0x00, 0x00, 0x7F, 0xFC, 0x00, 0x00,
  0x00, 0x80, 0x00, 0x00, 0xFF, 0xFF, 0xFF, 0xFF, 0xFF, 0xFF, 0xFF, 0xFF,
  0xFF, 0xFF, 0xFF, 0xFF, 0xFF, 0xFF, 0xFF, 0xFF, 0xFF, 0xFF, 0xFF, 0xFF,
  0xFF, 0xFF, 0xFF, 0xFF, 0xFF, 0xFF, 0xFF, 0xFF, 0xFF, 0xFF, 0xFF, 0xFF,
  0xFF, 0xFF, 0xFF, 0xFF, 0xFF, 0xFF, 0xC0, 0x01, 0xFF, 0xFF, 0xE0, 0x00,
  0xFF, 0xDF, 0xF0, 0x00, 0xFF, 0xEF, 0xF8, 0x00, 0x7F, 0xE7, 0xFC, 0x00,
  0x7F, 0xF3, 0xFE, 0x00, 0x3F, 0xF1, 0xFF, 0x00, 0x3F, 0xF8, 0x00, 0x00,
  0x1F, 0xFC, 0x00, 0x00, 0x0F, 0xFC, 0x00, 0x00, 0x0F, 0xFE, 0x00, 0x00,
  0x07, 0xFE, 0x00, 0x00, 0x07, 0xFF, 0x00, 0x00, 0x03, 0xFF, 0x00, 0x00,
  0x03, 0xFF, 0x80, 0x00, 0x01, 0xFF, 0x80, 0x00, 0x01, 0xFF, 0xC0, 0x00,
  0x00, 0xFF, 0xE0, 0x00, 0x00, 0xFF, 0xE0, 0x00, 0x00, 0x7F, 0xF0, 0x00,
  0x00, 0x3F, 0xF0, 0x00, 0x00, 0x3F, 0xF8, 0x00, 0x00, 0x1F, 0xF8, 0x00,
  0x00, 0x1F, 0xFC, 0x00, 0x00, 0x0F, 0xFC, 0x00, 0x00, 0x0F, 0xFE, 0x00,
  0x00, 0x07, 0xFF, 0x00, 0x00, 0x07, 0xFF, 0x00, 0x00, 0x03, 0xFF, 0x80,
  0x00, 0x01, 0xFF, 0x80, 0x00, 0x01, 0xFF, 0xC0, 0x00, 0x00, 0xFF, 0xC0,
  0x00, 0x00, 0xFF, 0xE0, 0x00, 0x00, 0x7F, 0xE0, 0x00, 0x00, 0x7F, 0xF0,
  0x00, 0x00, 0x3F, 0xF8, 0x00, 0x00, 0x3F, 0xF8, 0x00, 0x00, 0x1F, 0xFC,
  0x00, 0x00, 0x1F, 0xFC, 0x00, 0x00, 0x0F, 0xFE, 0x00, 0x00, 0x00, 0x00,
  0x80, 0x00, 0x00, 0x1F, 0xFF, 0x00, 0x00, 0x3F, 0xFF, 0xE0, 0x00, 0x7F,
  0xFF, 0xFC, 0x00, 0x7F, 0xFF, 0xFF, 0x00, 0x7F, 0xFF, 0xFF, 0xC0, 0x7F,
  0xFF, 0xFF, 0xF0, 0x3F, 0xFF, 0xFF, 0xF8, 0x3F, 0xFF, 0xFF, 0xFE, 0x1F,
  0xFE, 0x0F, 0xFF, 0x0F, 0xFC, 0x01, 0xFF, 0xCF, 0xFC, 0x00, 0x7F, 0xE7,
  0xFE, 0x00, 0x3F, 0xF3, 0xFF, 0x00, 0x1F, 0xF9, 0xFF, 0x80, 0x0F, 0xFC,
  0xFF, 0xC0, 0x07, 0xFE, 0x3F, 0xE0, 0x03, 0xFE, 0x1F, 0xF0, 0x01, 0xFF,
  0x0F, 0xFC, 0x01, 0xFF, 0x83, 0xFF, 0x83, 0xFF, 0x80, 0xFF, 0xFF, 0xFF,
  0x80, 0x3F, 0xFF, 0xFF, 0x80, 0x0F, 0xFF, 0xFF, 0x80, 0x00, 0xFF, 0xFE,
  0x00, 0x03, 0xFF, 0xFF, 0xE0, 0x07, 0xFF, 0xFF, 0xFC, 0x07, 0xFF, 0xFF,
  0xFF, 0x07, 0xFF, 0xFF, 0xFF, 0xC3, 0xFF, 0x80, 0xFF, 0xE3, 0xFF, 0x80,
  0x3F, 0xF9, 0xFF, 0x80, 0x0F, 0xFD, 0xFF, 0x80, 0x03, 0xFF, 0xFF, 0x80,
  0x01, 0xFF, 0xFF, 0xC0, 0x00, 0x7F, 0xFF, 0xE0, 0x00, 0x3F, 0xFF, 0xF0,
  0x00, 0x1F, 0xFF, 0xFC, 0x00, 0x1F, 0xFF, 0xFE, 0x00, 0x0F, 0xFF, 0xFF,
  0x80, 0x0F, 0xFF, 0xFF, 0xE0, 0x0F, 0xFF, 0x7F, 0xFC, 0x1F, 0xFF, 0x3F,
  0xFF, 0xFF, 0xFF, 0x8F, 0xFF, 0xFF, 0xFF, 0x83, 0xFF, 0xFF, 0xFF, 0x81,
  0xFF, 0xFF, 0xFF, 0xC0, 0x7F, 0xFF, 0xFF, 0xC0, 0x0F, 0xFF, 0xFF, 0x80,
  0x03, 0xFF, 0xFF, 0x80, 0x00, 0x3F, 0xFE, 0x00, 0x00, 0x00, 0xC0, 0x00,
  0x00, 0x00, 0x00, 0x80, 0x00, 0x00, 0x1F, 0xFF, 0x00, 0x00, 0x7F, 0xFF,
  0xE0, 0x00, 0x7F, 0xFF, 0xFC, 0x00, 0x7F, 0xFF, 0xFF, 0x00, 0x7F, 0xFF,
  0xFF, 0xC0, 0x7F, 0xFF, 0xFF, 0xF0, 0x7F, 0xFF, 0xFF, 0xFC, 0x3F, 0xFF,
  0xFF, 0xFE, 0x3F, 0xFE, 0x0F, 0xFF, 0x9F, 0xFC, 0x01, 0xFF, 0xDF, 0xFC,
  0x00, 0x7F, 0xEF, 0xFC, 0x00, 0x1F, 0xFF, 0xFE, 0x00, 0x0F, 0xFF, 0xFF,
  0x00, 0x07, 0xFF, 0xFF, 0x00, 0x01, 0xFF, 0xFF, 0x80, 0x00, 0xFF, 0xFF,
  0xE0, 0x00, 0xFF, 0xFF, 0xF0, 0x00, 0x7F, 0xFF, 0xF8, 0x00, 0x3F, 0xFF,
  0xFE, 0x00, 0x3F, 0xFB, 0xFF, 0x80, 0x3F, 0xF9, 0xFF, 0xF0, 0x7F, 0xFC,
  0x7F, 0xFF, 0xFF, 0xFE, 0x3F, 0xFF, 0xFF, 0xFE, 0x0F, 0xFF, 0xFF, 0xFF,
  0x07, 0xFF, 0xFF, 0xFF, 0x81, 0xFF, 0xFF, 0xFF, 0x80, 0x3F, 0xFF, 0xFF,
  0xC0, 0x0F, 0xFF, 0xFF, 0xC0, 0x01, 0xFF, 0xFF, 0xE0, 0x00, 0x14, 0x7F,
  0xE0, 0x00, 0x00, 0x7F, 0xF0, 0x00, 0x00, 0x7F, 0xF0, 0x00, 0x00, 0x3F,
  0xF8, 0x00, 0x00, 0x3F, 0xF8, 0x00, 0x00, 0x1F, 0xF8, 0x00, 0x00, 0x1F,
  0xFC, 0x00, 0x00, 0x0F, 0xFC, 0x00, 0x00, 0x0F, 0xFE, 0x00, 0x00, 0x0F,
  0xFE, 0x00, 0x00, 0x07, 0xFF, 0x00, 0x00, 0x07, 0xFF, 0x00, 0x00, 0x03,
  0xFF, 0x80, 0x00, 0x03, 0xFF, 0x80, 0x00, 0x03, 0xFF, 0xC0, 0x00, 0x01,
  0xFF, 0xC0, 0x00, 0x01, 0xFF, 0xE0, 0x00, 0x01, 0xFF, 0xE0, 0x00, 0x00,
  0x02, 0x00, 0xFE, 0x1F, 0xFC, 0xFF, 0xEF, 0xFF, 0xFF, 0xFF, 0xFF, 0xFF,
  0xFF, 0xFF, 0xFB, 0xFF, 0x9F, 0xFC, 0x3F, 0x80, 0x20, 0x00, 0x00, 0x00,
  0x00, 0x00, 0x00, 0x00, 0x00, 0x00, 0x00, 0x00, 0x00, 0x00, 0x00, 0x00,
  0x00, 0x00, 0x00, 0x00, 0x00, 0x10, 0x07, 0xF0, 0xFF, 0xE7, 0xFF, 0x7F,
  0xFF, 0xFF, 0xFF, 0xFF, 0xFF, 0xFF, 0xFF, 0xDF, 0xFC, 0xFF, 0xE1, 0xFC,
  0x01, 0x00,
};

const GFXglyph RiposteTempFont_Glyphs[] PROGMEM = {
  {     0,  21,   9,  39,    9,   -25 },   // '-'
  {    24,  13,  14,  39,   13,   -12 },   // '.'
  {    47,  33,  62,  39,    3,   -54 },   // '/'
  {   303,  31,  50,  39,    4,   -48 },   // '0'
  {   497,  31,  48,  39,    5,   -47 },   // '1'
  {   683,  32,  49,  39,    3,   -48 },   // '2'
  {   879,  32,  49,  39,    3,   -47 },   // '3'
  {  1075,  31,  48,  39,    3,   -47 },   // '4'
  {  1261,  32,  49,  39,    3,   -47 },   // '5'
  {  1457,  33,  49,  39,    3,   -47 },   // '6'
  {  1660,  33,  48,  39,    4,   -47 },   // '7'
  {  1858,  33,  50,  39,    3,   -48 },   // '8'
  {  2065,  33,  49,  39,    3,   -48 },   // '9'
  {  2268,  13,  38,  39,   13,   -36 },   // ':'
};

const GFXfont RiposteTempFont PROGMEM = {
  (uint8_t  *)RiposteTempFont_Bitmaps,
  (GFXglyph *)RiposteTempFont_Glyphs,
  0x2D, 0x3A, 86 };
